deviceSerial,branchCode,imei,deviceCategory,deviceModel,provider,firmwareVersion,notes
NEHUB-DEV-0001,NE-HUB,990000001000221,GPS,Certification GPS-500,OpsTrax Certification Lab,1.0.0,CERT-LARGE-20260825 NE-HUB inventory 0001
NEHUB-DEV-0002,NE-HUB,990000001000222,GPS,Certification GPS-500,OpsTrax Certification Lab,1.1.1,CERT-LARGE-20260825 NE-HUB inventory 0002
NEHUB-DEV-0003,NE-HUB,990000001000223,GPS,Certification GPS-500,OpsTrax Certification Lab,1.2.2,CERT-LARGE-20260825 NE-HUB inventory 0003
NEHUB-DEV-0004,NE-HUB,990000001000224,GPS,Certification GPS-500,OpsTrax Certification Lab,1.3.3,CERT-LARGE-20260825 NE-HUB inventory 0004
NEHUB-DEV-0005,NE-HUB,990000001000225,GPS,Certification GPS-500,OpsTrax Certification Lab,1.4.4,CERT-LARGE-20260825 NE-HUB inventory 0005
NEHUB-DEV-0006,NE-HUB,990000001000226,GPS,Certification GPS-500,OpsTrax Certification Lab,1.0.5,CERT-LARGE-20260825 NE-HUB inventory 0006
NEHUB-DEV-0007,NE-HUB,990000001000227,GPS,Certification GPS-500,OpsTrax Certification Lab,1.1.6,CERT-LARGE-20260825 NE-HUB inventory 0007
NEHUB-DEV-0008,NE-HUB,990000001000228,GPS,Certification GPS-500,OpsTrax Certification Lab,1.2.7,CERT-LARGE-20260825 NE-HUB inventory 0008
NEHUB-DEV-0009,NE-HUB,990000001000229,GPS,Certification GPS-500,OpsTrax Certification Lab,1.3.8,CERT-LARGE-20260825 NE-HUB inventory 0009
NEHUB-DEV-0010,NE-HUB,990000001000230,GPS,Certification GPS-500,OpsTrax Certification Lab,1.4.9,CERT-LARGE-20260825 NE-HUB inventory 0010
NEHUB-DEV-0011,NE-HUB,990000001000231,GPS,Certification GPS-500,OpsTrax Certification Lab,1.0.0,CERT-LARGE-20260825 NE-HUB inventory 0011
NEHUB-DEV-0012,NE-HUB,990000001000232,GPS,Certification GPS-500,OpsTrax Certification Lab,1.1.1,CERT-LARGE-20260825 NE-HUB inventory 0012
NEHUB-DEV-0013,NE-HUB,990000001000233,GPS,Certification GPS-500,OpsTrax Certification Lab,1.2.2,CERT-LARGE-20260825 NE-HUB inventory 0013
NEHUB-DEV-0014,NE-HUB,990000001000234,GPS,Certification GPS-500,OpsTrax Certification Lab,1.3.3,CERT-LARGE-20260825 NE-HUB inventory 0014
NEHUB-DEV-0015,NE-HUB,990000001000235,GPS,Certification GPS-500,OpsTrax Certification Lab,1.4.4,CERT-LARGE-20260825 NE-HUB inventory 0015
NEHUB-DEV-0016,NE-HUB,990000001000236,GPS,Certification GPS-500,OpsTrax Certification Lab,1.0.5,CERT-LARGE-20260825 NE-HUB inventory 0016
NEHUB-DEV-0017,NE-HUB,990000001000237,GPS,Certification GPS-500,OpsTrax Certification Lab,1.1.6,CERT-LARGE-20260825 NE-HUB inventory 0017
NEHUB-DEV-0018,NE-HUB,990000001000238,GPS,Certification GPS-500,OpsTrax Certification Lab,1.2.7,CERT-LARGE-20260825 NE-HUB inventory 0018
NEHUB-DEV-0019,NE-HUB,990000001000239,GPS,Certification GPS-500,OpsTrax Certification Lab,1.3.8,CERT-LARGE-20260825 NE-HUB inventory 0019
NEHUB-DEV-0020,NE-HUB,990000001000240,GPS,Certification GPS-500,OpsTrax Certification Lab,1.4.9,CERT-LARGE-20260825 NE-HUB inventory 0020
NEHUB-DEV-0021,NE-HUB,990000001000241,GPS,Certification GPS-500,OpsTrax Certification Lab,1.0.0,CERT-LARGE-20260825 NE-HUB inventory 0021
NEHUB-DEV-0022,NE-HUB,990000001000242,GPS,Certification GPS-500,OpsTrax Certification Lab,1.1.1,CERT-LARGE-20260825 NE-HUB inventory 0022
NEHUB-DEV-0023,NE-HUB,990000001000243,GPS,Certification GPS-500,OpsTrax Certification Lab,1.2.2,CERT-LARGE-20260825 NE-HUB inventory 0023
NEHUB-DEV-0024,NE-HUB,990000001000244,GPS,Certification GPS-500,OpsTrax Certification Lab,1.3.3,CERT-LARGE-20260825 NE-HUB inventory 0024
NEHUB-DEV-0025,NE-HUB,990000001000245,GPS,Certification GPS-500,OpsTrax Certification Lab,1.4.4,CERT-LARGE-20260825 NE-HUB inventory 0025
NEHUB-DEV-0026,NE-HUB,990000001000246,GPS,Certification GPS-500,OpsTrax Certification Lab,1.0.5,CERT-LARGE-20260825 NE-HUB inventory 0026
NEHUB-DEV-0027,NE-HUB,990000001000247,GPS,Certification GPS-500,OpsTrax Certification Lab,1.1.6,CERT-LARGE-20260825 NE-HUB inventory 0027
NEHUB-DEV-0028,NE-HUB,990000001000248,GPS,Certification GPS-500,OpsTrax Certification Lab,1.2.7,CERT-LARGE-20260825 NE-HUB inventory 0028
NEHUB-DEV-0029,NE-HUB,990000001000249,GPS,Certification GPS-500,OpsTrax Certification Lab,1.3.8,CERT-LARGE-20260825 NE-HUB inventory 0029
NEHUB-DEV-0030,NE-HUB,990000001000250,GPS,Certification GPS-500,OpsTrax Certification Lab,1.4.9,CERT-LARGE-20260825 NE-HUB inventory 0030
NEHUB-DEV-0031,NE-HUB,990000001000251,GPS,Certification GPS-500,OpsTrax Certification Lab,1.0.0,CERT-LARGE-20260825 NE-HUB inventory 0031
NEHUB-DEV-0032,NE-HUB,990000001000252,GPS,Certification GPS-500,OpsTrax Certification Lab,1.1.1,CERT-LARGE-20260825 NE-HUB inventory 0032
NEHUB-DEV-0033,NE-HUB,990000001000253,GPS,Certification GPS-500,OpsTrax Certification Lab,1.2.2,CERT-LARGE-20260825 NE-HUB inventory 0033
NEHUB-DEV-0034,NE-HUB,990000001000254,GPS,Certification GPS-500,OpsTrax Certification Lab,1.3.3,CERT-LARGE-20260825 NE-HUB inventory 0034
NEHUB-DEV-0035,NE-HUB,990000001000255,GPS,Certification GPS-500,OpsTrax Certification Lab,1.4.4,CERT-LARGE-20260825 NE-HUB inventory 0035
NEHUB-DEV-0036,NE-HUB,990000001000256,GPS,Certification GPS-500,OpsTrax Certification Lab,1.0.5,CERT-LARGE-20260825 NE-HUB inventory 0036
NEHUB-DEV-0037,NE-HUB,990000001000257,GPS,Certification GPS-500,OpsTrax Certification Lab,1.1.6,CERT-LARGE-20260825 NE-HUB inventory 0037
NEHUB-DEV-0038,NE-HUB,990000001000258,GPS,Certification GPS-500,OpsTrax Certification Lab,1.2.7,CERT-LARGE-20260825 NE-HUB inventory 0038
NEHUB-DEV-0039,NE-HUB,990000001000259,GPS,Certification GPS-500,OpsTrax Certification Lab,1.3.8,CERT-LARGE-20260825 NE-HUB inventory 0039
NEHUB-DEV-0040,NE-HUB,990000001000260,GPS,Certification GPS-500,OpsTrax Certification Lab,1.4.9,CERT-LARGE-20260825 NE-HUB inventory 0040
NEHUB-DEV-0041,NE-HUB,990000001000261,GPS,Certification GPS-500,OpsTrax Certification Lab,1.0.0,CERT-LARGE-20260825 NE-HUB inventory 0041
NEHUB-DEV-0042,NE-HUB,990000001000262,GPS,Certification GPS-500,OpsTrax Certification Lab,1.1.1,CERT-LARGE-20260825 NE-HUB inventory 0042
NEHUB-DEV-0043,NE-HUB,990000001000263,GPS,Certification GPS-500,OpsTrax Certification Lab,1.2.2,CERT-LARGE-20260825 NE-HUB inventory 0043
NEHUB-DEV-0044,NE-HUB,990000001000264,GPS,Certification GPS-500,OpsTrax Certification Lab,1.3.3,CERT-LARGE-20260825 NE-HUB inventory 0044
NEHUB-DEV-0045,NE-HUB,990000001000265,GPS,Certification GPS-500,OpsTrax Certification Lab,1.4.4,CERT-LARGE-20260825 NE-HUB inventory 0045
NEHUB-DEV-0046,NE-HUB,990000001000266,GPS,Certification GPS-500,OpsTrax Certification Lab,1.0.5,CERT-LARGE-20260825 NE-HUB inventory 0046
NEHUB-DEV-0047,NE-HUB,990000001000267,GPS,Certification GPS-500,OpsTrax Certification Lab,1.1.6,CERT-LARGE-20260825 NE-HUB inventory 0047
NEHUB-DEV-0048,NE-HUB,990000001000268,GPS,Certification GPS-500,OpsTrax Certification Lab,1.2.7,CERT-LARGE-20260825 NE-HUB inventory 0048
NEHUB-DEV-0049,NE-HUB,990000001000269,GPS,Certification GPS-500,OpsTrax Certification Lab,1.3.8,CERT-LARGE-20260825 NE-HUB inventory 0049
NEHUB-DEV-0050,NE-HUB,990000001000270,GPS,Certification GPS-500,OpsTrax Certification Lab,1.4.9,CERT-LARGE-20260825 NE-HUB inventory 0050
NEHUB-DEV-0051,NE-HUB,990000001000271,GPS,Certification GPS-500,OpsTrax Certification Lab,1.0.0,CERT-LARGE-20260825 NE-HUB inventory 0051
NEHUB-DEV-0052,NE-HUB,990000001000272,GPS,Certification GPS-500,OpsTrax Certification Lab,1.1.1,CERT-LARGE-20260825 NE-HUB inventory 0052
NEHUB-DEV-0053,NE-HUB,990000001000273,GPS,Certification GPS-500,OpsTrax Certification Lab,1.2.2,CERT-LARGE-20260825 NE-HUB inventory 0053
NEHUB-DEV-0054,NE-HUB,990000001000274,GPS,Certification GPS-500,OpsTrax Certification Lab,1.3.3,CERT-LARGE-20260825 NE-HUB inventory 0054
NEHUB-DEV-0055,NE-HUB,990000001000275,GPS,Certification GPS-500,OpsTrax Certification Lab,1.4.4,CERT-LARGE-20260825 NE-HUB inventory 0055
NEHUB-DEV-0056,NE-HUB,990000001000276,GPS,Certification GPS-500,OpsTrax Certification Lab,1.0.5,CERT-LARGE-20260825 NE-HUB inventory 0056
NEHUB-DEV-0057,NE-HUB,990000001000277,GPS,Certification GPS-500,OpsTrax Certification Lab,1.1.6,CERT-LARGE-20260825 NE-HUB inventory 0057
NEHUB-DEV-0058,NE-HUB,990000001000278,GPS,Certification GPS-500,OpsTrax Certification Lab,1.2.7,CERT-LARGE-20260825 NE-HUB inventory 0058
NEHUB-DEV-0059,NE-HUB,990000001000279,GPS,Certification GPS-500,OpsTrax Certification Lab,1.3.8,CERT-LARGE-20260825 NE-HUB inventory 0059
NEHUB-DEV-0060,NE-HUB,990000001000280,GPS,Certification GPS-500,OpsTrax Certification Lab,1.4.9,CERT-LARGE-20260825 NE-HUB inventory 0060
NEHUB-DEV-0061,NE-HUB,990000001000281,GPS,Certification GPS-500,OpsTrax Certification Lab,1.0.0,CERT-LARGE-20260825 NE-HUB inventory 0061
NEHUB-DEV-0062,NE-HUB,990000001000282,GPS,Certification GPS-500,OpsTrax Certification Lab,1.1.1,CERT-LARGE-20260825 NE-HUB inventory 0062
NEHUB-DEV-0063,NE-HUB,990000001000283,GPS,Certification GPS-500,OpsTrax Certification Lab,1.2.2,CERT-LARGE-20260825 NE-HUB inventory 0063
NEHUB-DEV-0064,NE-HUB,990000001000284,GPS,Certification GPS-500,OpsTrax Certification Lab,1.3.3,CERT-LARGE-20260825 NE-HUB inventory 0064
NEHUB-DEV-0065,NE-HUB,990000001000285,GPS,Certification GPS-500,OpsTrax Certification Lab,1.4.4,CERT-LARGE-20260825 NE-HUB inventory 0065
NEHUB-DEV-0066,NE-HUB,990000001000286,GPS,Certification GPS-500,OpsTrax Certification Lab,1.0.5,CERT-LARGE-20260825 NE-HUB inventory 0066
NEHUB-DEV-0067,NE-HUB,990000001000287,GPS,Certification GPS-500,OpsTrax Certification Lab,1.1.6,CERT-LARGE-20260825 NE-HUB inventory 0067
NEHUB-DEV-0068,NE-HUB,990000001000288,GPS,Certification GPS-500,OpsTrax Certification Lab,1.2.7,CERT-LARGE-20260825 NE-HUB inventory 0068
NEHUB-DEV-0069,NE-HUB,990000001000289,GPS,Certification GPS-500,OpsTrax Certification Lab,1.3.8,CERT-LARGE-20260825 NE-HUB inventory 0069
NEHUB-DEV-0070,NE-HUB,990000001000290,GPS,Certification GPS-500,OpsTrax Certification Lab,1.4.9,CERT-LARGE-20260825 NE-HUB inventory 0070
NEHUB-DEV-0071,NE-HUB,990000001000291,GPS,Certification GPS-500,OpsTrax Certification Lab,1.0.0,CERT-LARGE-20260825 NE-HUB inventory 0071
NEHUB-DEV-0072,NE-HUB,990000001000292,GPS,Certification GPS-500,OpsTrax Certification Lab,1.1.1,CERT-LARGE-20260825 NE-HUB inventory 0072
NEHUB-DEV-0073,NE-HUB,990000001000293,GPS,Certification GPS-500,OpsTrax Certification Lab,1.2.2,CERT-LARGE-20260825 NE-HUB inventory 0073
NEHUB-DEV-0074,NE-HUB,990000001000294,GPS,Certification GPS-500,OpsTrax Certification Lab,1.3.3,CERT-LARGE-20260825 NE-HUB inventory 0074
NEHUB-DEV-0075,NE-HUB,990000001000295,GPS,Certification GPS-500,OpsTrax Certification Lab,1.4.4,CERT-LARGE-20260825 NE-HUB inventory 0075
NEHUB-DEV-0076,NE-HUB,990000001000296,GPS,Certification GPS-500,OpsTrax Certification Lab,1.0.5,CERT-LARGE-20260825 NE-HUB inventory 0076
NEHUB-DEV-0077,NE-HUB,990000001000297,GPS,Certification GPS-500,OpsTrax Certification Lab,1.1.6,CERT-LARGE-20260825 NE-HUB inventory 0077
NEHUB-DEV-0078,NE-HUB,990000001000298,GPS,Certification GPS-500,OpsTrax Certification Lab,1.2.7,CERT-LARGE-20260825 NE-HUB inventory 0078
NEHUB-DEV-0079,NE-HUB,990000001000299,GPS,Certification GPS-500,OpsTrax Certification Lab,1.3.8,CERT-LARGE-20260825 NE-HUB inventory 0079
NEHUB-DEV-0080,NE-HUB,990000001000300,GPS,Certification GPS-500,OpsTrax Certification Lab,1.4.9,CERT-LARGE-20260825 NE-HUB inventory 0080
NEHUB-DEV-0081,NE-HUB,990000001000301,GPS,Certification GPS-500,OpsTrax Certification Lab,1.0.0,CERT-LARGE-20260825 NE-HUB inventory 0081
NEHUB-DEV-0082,NE-HUB,990000001000302,GPS,Certification GPS-500,OpsTrax Certification Lab,1.1.1,CERT-LARGE-20260825 NE-HUB inventory 0082
NEHUB-DEV-0083,NE-HUB,990000001000303,GPS,Certification GPS-500,OpsTrax Certification Lab,1.2.2,CERT-LARGE-20260825 NE-HUB inventory 0083
NEHUB-DEV-0084,NE-HUB,990000001000304,GPS,Certification GPS-500,OpsTrax Certification Lab,1.3.3,CERT-LARGE-20260825 NE-HUB inventory 0084
NEHUB-DEV-0085,NE-HUB,990000001000305,GPS,Certification GPS-500,OpsTrax Certification Lab,1.4.4,CERT-LARGE-20260825 NE-HUB inventory 0085
NEHUB-DEV-0086,NE-HUB,990000001000306,GPS,Certification GPS-500,OpsTrax Certification Lab,1.0.5,CERT-LARGE-20260825 NE-HUB inventory 0086
NEHUB-DEV-0087,NE-HUB,990000001000307,GPS,Certification GPS-500,OpsTrax Certification Lab,1.1.6,CERT-LARGE-20260825 NE-HUB inventory 0087
NEHUB-DEV-0088,NE-HUB,990000001000308,GPS,Certification GPS-500,OpsTrax Certification Lab,1.2.7,CERT-LARGE-20260825 NE-HUB inventory 0088
NEHUB-DEV-0089,NE-HUB,990000001000309,GPS,Certification GPS-500,OpsTrax Certification Lab,1.3.8,CERT-LARGE-20260825 NE-HUB inventory 0089
NEHUB-DEV-0090,NE-HUB,990000001000310,GPS,Certification GPS-500,OpsTrax Certification Lab,1.4.9,CERT-LARGE-20260825 NE-HUB inventory 0090
NEHUB-DEV-0091,NE-HUB,990000001000311,GPS,Certification GPS-500,OpsTrax Certification Lab,1.0.0,CERT-LARGE-20260825 NE-HUB inventory 0091
NEHUB-DEV-0092,NE-HUB,990000001000312,GPS,Certification GPS-500,OpsTrax Certification Lab,1.1.1,CERT-LARGE-20260825 NE-HUB inventory 0092
NEHUB-DEV-0093,NE-HUB,990000001000313,GPS,Certification GPS-500,OpsTrax Certification Lab,1.2.2,CERT-LARGE-20260825 NE-HUB inventory 0093
NEHUB-DEV-0094,NE-HUB,990000001000314,GPS,Certification GPS-500,OpsTrax Certification Lab,1.3.3,CERT-LARGE-20260825 NE-HUB inventory 0094
NEHUB-DEV-0095,NE-HUB,990000001000315,GPS,Certification GPS-500,OpsTrax Certification Lab,1.4.4,CERT-LARGE-20260825 NE-HUB inventory 0095
NEHUB-DEV-0096,NE-HUB,990000001000316,GPS,Certification GPS-500,OpsTrax Certification Lab,1.0.5,CERT-LARGE-20260825 NE-HUB inventory 0096
NEHUB-DEV-0097,NE-HUB,990000001000317,GPS,Certification GPS-500,OpsTrax Certification Lab,1.1.6,CERT-LARGE-20260825 NE-HUB inventory 0097
NEHUB-DEV-0098,NE-HUB,990000001000318,GPS,Certification GPS-500,OpsTrax Certification Lab,1.2.7,CERT-LARGE-20260825 NE-HUB inventory 0098
NEHUB-DEV-0099,NE-HUB,990000001000319,GPS,Certification GPS-500,OpsTrax Certification Lab,1.3.8,CERT-LARGE-20260825 NE-HUB inventory 0099
NEHUB-DEV-0100,NE-HUB,990000001000320,GPS,Certification GPS-500,OpsTrax Certification Lab,1.4.9,CERT-LARGE-20260825 NE-HUB inventory 0100
NEHUB-DEV-0101,NE-HUB,990000001000321,GPS,Certification GPS-500,OpsTrax Certification Lab,1.0.0,CERT-LARGE-20260825 NE-HUB inventory 0101
NEHUB-DEV-0102,NE-HUB,990000001000322,GPS,Certification GPS-500,OpsTrax Certification Lab,1.1.1,CERT-LARGE-20260825 NE-HUB inventory 0102
NEHUB-DEV-0103,NE-HUB,990000001000323,GPS,Certification GPS-500,OpsTrax Certification Lab,1.2.2,CERT-LARGE-20260825 NE-HUB inventory 0103
NEHUB-DEV-0104,NE-HUB,990000001000324,GPS,Certification GPS-500,OpsTrax Certification Lab,1.3.3,CERT-LARGE-20260825 NE-HUB inventory 0104
NEHUB-DEV-0105,NE-HUB,990000001000325,GPS,Certification GPS-500,OpsTrax Certification Lab,1.4.4,CERT-LARGE-20260825 NE-HUB inventory 0105
NEHUB-DEV-0106,NE-HUB,990000001000326,GPS,Certification GPS-500,OpsTrax Certification Lab,1.0.5,CERT-LARGE-20260825 NE-HUB inventory 0106
NEHUB-DEV-0107,NE-HUB,990000001000327,GPS,Certification GPS-500,OpsTrax Certification Lab,1.1.6,CERT-LARGE-20260825 NE-HUB inventory 0107
NEHUB-DEV-0108,NE-HUB,990000001000328,GPS,Certification GPS-500,OpsTrax Certification Lab,1.2.7,CERT-LARGE-20260825 NE-HUB inventory 0108
NEHUB-DEV-0109,NE-HUB,990000001000329,GPS,Certification GPS-500,OpsTrax Certification Lab,1.3.8,CERT-LARGE-20260825 NE-HUB inventory 0109
NEHUB-DEV-0110,NE-HUB,990000001000330,GPS,Certification GPS-500,OpsTrax Certification Lab,1.4.9,CERT-LARGE-20260825 NE-HUB inventory 0110
NEHUB-DEV-0111,NE-HUB,990000001000331,GPS,Certification GPS-500,OpsTrax Certification Lab,1.0.0,CERT-LARGE-20260825 NE-HUB inventory 0111
NEHUB-DEV-0112,NE-HUB,990000001000332,GPS,Certification GPS-500,OpsTrax Certification Lab,1.1.1,CERT-LARGE-20260825 NE-HUB inventory 0112
NEHUB-DEV-0113,NE-HUB,990000001000333,GPS,Certification GPS-500,OpsTrax Certification Lab,1.2.2,CERT-LARGE-20260825 NE-HUB inventory 0113
NEHUB-DEV-0114,NE-HUB,990000001000334,GPS,Certification GPS-500,OpsTrax Certification Lab,1.3.3,CERT-LARGE-20260825 NE-HUB inventory 0114
NEHUB-DEV-0115,NE-HUB,990000001000335,GPS,Certification GPS-500,OpsTrax Certification Lab,1.4.4,CERT-LARGE-20260825 NE-HUB inventory 0115
NEHUB-DEV-0116,NE-HUB,990000001000336,GPS,Certification GPS-500,OpsTrax Certification Lab,1.0.5,CERT-LARGE-20260825 NE-HUB inventory 0116
NEHUB-DEV-0117,NE-HUB,990000001000337,GPS,Certification GPS-500,OpsTrax Certification Lab,1.1.6,CERT-LARGE-20260825 NE-HUB inventory 0117
NEHUB-DEV-0118,NE-HUB,990000001000338,GPS,Certification GPS-500,OpsTrax Certification Lab,1.2.7,CERT-LARGE-20260825 NE-HUB inventory 0118
NEHUB-DEV-0119,NE-HUB,990000001000339,GPS,Certification GPS-500,OpsTrax Certification Lab,1.3.8,CERT-LARGE-20260825 NE-HUB inventory 0119
NEHUB-DEV-0120,NE-HUB,990000001000340,GPS,Certification GPS-500,OpsTrax Certification Lab,1.4.9,CERT-LARGE-20260825 NE-HUB inventory 0120
NEHUB-DEV-0121,NE-HUB,990000001000341,GPS,Certification GPS-500,OpsTrax Certification Lab,1.0.0,CERT-LARGE-20260825 NE-HUB inventory 0121
NEHUB-DEV-0122,NE-HUB,990000001000342,GPS,Certification GPS-500,OpsTrax Certification Lab,1.1.1,CERT-LARGE-20260825 NE-HUB inventory 0122
NEHUB-DEV-0123,NE-HUB,990000001000343,GPS,Certification GPS-500,OpsTrax Certification Lab,1.2.2,CERT-LARGE-20260825 NE-HUB inventory 0123
NEHUB-DEV-0124,NE-HUB,990000001000344,GPS,Certification GPS-500,OpsTrax Certification Lab,1.3.3,CERT-LARGE-20260825 NE-HUB inventory 0124
NEHUB-DEV-0125,NE-HUB,990000001000345,GPS,Certification GPS-500,OpsTrax Certification Lab,1.4.4,CERT-LARGE-20260825 NE-HUB inventory 0125
NEHUB-DEV-0126,NE-HUB,990000001000346,GPS,Certification GPS-500,OpsTrax Certification Lab,1.0.5,CERT-LARGE-20260825 NE-HUB inventory 0126
NEHUB-DEV-0127,NE-HUB,990000001000347,GPS,Certification GPS-500,OpsTrax Certification Lab,1.1.6,CERT-LARGE-20260825 NE-HUB inventory 0127
NEHUB-DEV-0128,NE-HUB,990000001000348,GPS,Certification GPS-500,OpsTrax Certification Lab,1.2.7,CERT-LARGE-20260825 NE-HUB inventory 0128
NEHUB-DEV-0129,NE-HUB,990000001000349,GPS,Certification GPS-500,OpsTrax Certification Lab,1.3.8,CERT-LARGE-20260825 NE-HUB inventory 0129
NEHUB-DEV-0130,NE-HUB,990000001000350,GPS,Certification GPS-500,OpsTrax Certification Lab,1.4.9,CERT-LARGE-20260825 NE-HUB inventory 0130
NEHUB-DEV-0131,NE-HUB,990000001000351,GPS,Certification GPS-500,OpsTrax Certification Lab,1.0.0,CERT-LARGE-20260825 NE-HUB inventory 0131
NEHUB-DEV-0132,NE-HUB,990000001000352,GPS,Certification GPS-500,OpsTrax Certification Lab,1.1.1,CERT-LARGE-20260825 NE-HUB inventory 0132
NEHUB-DEV-0133,NE-HUB,990000001000353,GPS,Certification GPS-500,OpsTrax Certification Lab,1.2.2,CERT-LARGE-20260825 NE-HUB inventory 0133
NEHUB-DEV-0134,NE-HUB,990000001000354,GPS,Certification GPS-500,OpsTrax Certification Lab,1.3.3,CERT-LARGE-20260825 NE-HUB inventory 0134
NEHUB-DEV-0135,NE-HUB,990000001000355,GPS,Certification GPS-500,OpsTrax Certification Lab,1.4.4,CERT-LARGE-20260825 NE-HUB inventory 0135
NEHUB-DEV-0136,NE-HUB,990000001000356,GPS,Certification GPS-500,OpsTrax Certification Lab,1.0.5,CERT-LARGE-20260825 NE-HUB inventory 0136
NEHUB-DEV-0137,NE-HUB,990000001000357,GPS,Certification GPS-500,OpsTrax Certification Lab,1.1.6,CERT-LARGE-20260825 NE-HUB inventory 0137
NEHUB-DEV-0138,NE-HUB,990000001000358,GPS,Certification GPS-500,OpsTrax Certification Lab,1.2.7,CERT-LARGE-20260825 NE-HUB inventory 0138
NEHUB-DEV-0139,NE-HUB,990000001000359,GPS,Certification GPS-500,OpsTrax Certification Lab,1.3.8,CERT-LARGE-20260825 NE-HUB inventory 0139
NEHUB-DEV-0140,NE-HUB,990000001000360,GPS,Certification GPS-500,OpsTrax Certification Lab,1.4.9,CERT-LARGE-20260825 NE-HUB inventory 0140
NEHUB-DEV-0141,NE-HUB,990000001000361,GPS,Certification GPS-500,OpsTrax Certification Lab,1.0.0,CERT-LARGE-20260825 NE-HUB inventory 0141
NEHUB-DEV-0142,NE-HUB,990000001000362,GPS,Certification GPS-500,OpsTrax Certification Lab,1.1.1,CERT-LARGE-20260825 NE-HUB inventory 0142
NEHUB-DEV-0143,NE-HUB,990000001000363,GPS,Certification GPS-500,OpsTrax Certification Lab,1.2.2,CERT-LARGE-20260825 NE-HUB inventory 0143
NEHUB-DEV-0144,NE-HUB,990000001000364,GPS,Certification GPS-500,OpsTrax Certification Lab,1.3.3,CERT-LARGE-20260825 NE-HUB inventory 0144
NEHUB-DEV-0145,NE-HUB,990000001000365,GPS,Certification GPS-500,OpsTrax Certification Lab,1.4.4,CERT-LARGE-20260825 NE-HUB inventory 0145
NEHUB-DEV-0146,NE-HUB,990000001000366,GPS,Certification GPS-500,OpsTrax Certification Lab,1.0.5,CERT-LARGE-20260825 NE-HUB inventory 0146
NEHUB-DEV-0147,NE-HUB,990000001000367,GPS,Certification GPS-500,OpsTrax Certification Lab,1.1.6,CERT-LARGE-20260825 NE-HUB inventory 0147
NEHUB-DEV-0148,NE-HUB,990000001000368,GPS,Certification GPS-500,OpsTrax Certification Lab,1.2.7,CERT-LARGE-20260825 NE-HUB inventory 0148
NEHUB-DEV-0149,NE-HUB,990000001000369,GPS,Certification GPS-500,OpsTrax Certification Lab,1.3.8,CERT-LARGE-20260825 NE-HUB inventory 0149
NEHUB-DEV-0150,NE-HUB,990000001000370,GPS,Certification GPS-500,OpsTrax Certification Lab,1.4.9,CERT-LARGE-20260825 NE-HUB inventory 0150
NEHUB-DEV-0151,NE-HUB,990000001000371,GPS,Certification GPS-500,OpsTrax Certification Lab,1.0.0,CERT-LARGE-20260825 NE-HUB inventory 0151
NEHUB-DEV-0152,NE-HUB,990000001000372,GPS,Certification GPS-500,OpsTrax Certification Lab,1.1.1,CERT-LARGE-20260825 NE-HUB inventory 0152
NEHUB-DEV-0153,NE-HUB,990000001000373,GPS,Certification GPS-500,OpsTrax Certification Lab,1.2.2,CERT-LARGE-20260825 NE-HUB inventory 0153
NEHUB-DEV-0154,NE-HUB,990000001000374,GPS,Certification GPS-500,OpsTrax Certification Lab,1.3.3,CERT-LARGE-20260825 NE-HUB inventory 0154
NEHUB-DEV-0155,NE-HUB,990000001000375,GPS,Certification GPS-500,OpsTrax Certification Lab,1.4.4,CERT-LARGE-20260825 NE-HUB inventory 0155
NEHUB-DEV-0156,NE-HUB,990000001000376,GPS,Certification GPS-500,OpsTrax Certification Lab,1.0.5,CERT-LARGE-20260825 NE-HUB inventory 0156
NEHUB-DEV-0157,NE-HUB,990000001000377,GPS,Certification GPS-500,OpsTrax Certification Lab,1.1.6,CERT-LARGE-20260825 NE-HUB inventory 0157
NEHUB-DEV-0158,NE-HUB,990000001000378,GPS,Certification GPS-500,OpsTrax Certification Lab,1.2.7,CERT-LARGE-20260825 NE-HUB inventory 0158
NEHUB-DEV-0159,NE-HUB,990000001000379,GPS,Certification GPS-500,OpsTrax Certification Lab,1.3.8,CERT-LARGE-20260825 NE-HUB inventory 0159
NEHUB-DEV-0160,NE-HUB,990000001000380,GPS,Certification GPS-500,OpsTrax Certification Lab,1.4.9,CERT-LARGE-20260825 NE-HUB inventory 0160
NEHUB-DEV-0161,NE-HUB,990000001000381,GPS,Certification GPS-500,OpsTrax Certification Lab,1.0.0,CERT-LARGE-20260825 NE-HUB inventory 0161
NEHUB-DEV-0162,NE-HUB,990000001000382,GPS,Certification GPS-500,OpsTrax Certification Lab,1.1.1,CERT-LARGE-20260825 NE-HUB inventory 0162
NEHUB-DEV-0163,NE-HUB,990000001000383,GPS,Certification GPS-500,OpsTrax Certification Lab,1.2.2,CERT-LARGE-20260825 NE-HUB inventory 0163
NEHUB-DEV-0164,NE-HUB,990000001000384,GPS,Certification GPS-500,OpsTrax Certification Lab,1.3.3,CERT-LARGE-20260825 NE-HUB inventory 0164
NEHUB-DEV-0165,NE-HUB,990000001000385,GPS,Certification GPS-500,OpsTrax Certification Lab,1.4.4,CERT-LARGE-20260825 NE-HUB inventory 0165
NEHUB-DEV-0166,NE-HUB,990000001000386,GPS,Certification GPS-500,OpsTrax Certification Lab,1.0.5,CERT-LARGE-20260825 NE-HUB inventory 0166
NEHUB-DEV-0167,NE-HUB,990000001000387,GPS,Certification GPS-500,OpsTrax Certification Lab,1.1.6,CERT-LARGE-20260825 NE-HUB inventory 0167
NEHUB-DEV-0168,NE-HUB,990000001000388,GPS,Certification GPS-500,OpsTrax Certification Lab,1.2.7,CERT-LARGE-20260825 NE-HUB inventory 0168
NEHUB-DEV-0169,NE-HUB,990000001000389,GPS,Certification GPS-500,OpsTrax Certification Lab,1.3.8,CERT-LARGE-20260825 NE-HUB inventory 0169
NEHUB-DEV-0170,NE-HUB,990000001000390,GPS,Certification GPS-500,OpsTrax Certification Lab,1.4.9,CERT-LARGE-20260825 NE-HUB inventory 0170
NEHUB-DEV-0171,NE-HUB,990000001000391,GPS,Certification GPS-500,OpsTrax Certification Lab,1.0.0,CERT-LARGE-20260825 NE-HUB inventory 0171
NEHUB-DEV-0172,NE-HUB,990000001000392,GPS,Certification GPS-500,OpsTrax Certification Lab,1.1.1,CERT-LARGE-20260825 NE-HUB inventory 0172
NEHUB-DEV-0173,NE-HUB,990000001000393,GPS,Certification GPS-500,OpsTrax Certification Lab,1.2.2,CERT-LARGE-20260825 NE-HUB inventory 0173
NEHUB-DEV-0174,NE-HUB,990000001000394,GPS,Certification GPS-500,OpsTrax Certification Lab,1.3.3,CERT-LARGE-20260825 NE-HUB inventory 0174
NEHUB-DEV-0175,NE-HUB,990000001000395,GPS,Certification GPS-500,OpsTrax Certification Lab,1.4.4,CERT-LARGE-20260825 NE-HUB inventory 0175
NEHUB-DEV-0176,NE-HUB,990000001000396,GPS,Certification GPS-500,OpsTrax Certification Lab,1.0.5,CERT-LARGE-20260825 NE-HUB inventory 0176
NEHUB-DEV-0177,NE-HUB,990000001000397,GPS,Certification GPS-500,OpsTrax Certification Lab,1.1.6,CERT-LARGE-20260825 NE-HUB inventory 0177
NEHUB-DEV-0178,NE-HUB,990000001000398,GPS,Certification GPS-500,OpsTrax Certification Lab,1.2.7,CERT-LARGE-20260825 NE-HUB inventory 0178
NEHUB-DEV-0179,NE-HUB,990000001000399,GPS,Certification GPS-500,OpsTrax Certification Lab,1.3.8,CERT-LARGE-20260825 NE-HUB inventory 0179
NEHUB-DEV-0180,NE-HUB,990000001000400,GPS,Certification GPS-500,OpsTrax Certification Lab,1.4.9,CERT-LARGE-20260825 NE-HUB inventory 0180
NEHUB-DEV-0181,NE-HUB,990000001000401,GPS,Certification GPS-500,OpsTrax Certification Lab,1.0.0,CERT-LARGE-20260825 NE-HUB inventory 0181
NEHUB-DEV-0182,NE-HUB,990000001000402,GPS,Certification GPS-500,OpsTrax Certification Lab,1.1.1,CERT-LARGE-20260825 NE-HUB inventory 0182
NEHUB-DEV-0183,NE-HUB,990000001000403,GPS,Certification GPS-500,OpsTrax Certification Lab,1.2.2,CERT-LARGE-20260825 NE-HUB inventory 0183
NEHUB-DEV-0184,NE-HUB,990000001000404,GPS,Certification GPS-500,OpsTrax Certification Lab,1.3.3,CERT-LARGE-20260825 NE-HUB inventory 0184
NEHUB-DEV-0185,NE-HUB,990000001000405,GPS,Certification GPS-500,OpsTrax Certification Lab,1.4.4,CERT-LARGE-20260825 NE-HUB inventory 0185
NEHUB-DEV-0186,NE-HUB,990000001000406,GPS,Certification GPS-500,OpsTrax Certification Lab,1.0.5,CERT-LARGE-20260825 NE-HUB inventory 0186
NEHUB-DEV-0187,NE-HUB,990000001000407,GPS,Certification GPS-500,OpsTrax Certification Lab,1.1.6,CERT-LARGE-20260825 NE-HUB inventory 0187
NEHUB-DEV-0188,NE-HUB,990000001000408,GPS,Certification GPS-500,OpsTrax Certification Lab,1.2.7,CERT-LARGE-20260825 NE-HUB inventory 0188
NEHUB-DEV-0189,NE-HUB,990000001000409,GPS,Certification GPS-500,OpsTrax Certification Lab,1.3.8,CERT-LARGE-20260825 NE-HUB inventory 0189
NEHUB-DEV-0190,NE-HUB,990000001000410,GPS,Certification GPS-500,OpsTrax Certification Lab,1.4.9,CERT-LARGE-20260825 NE-HUB inventory 0190
NEHUB-DEV-0191,NE-HUB,990000001000411,GPS,Certification GPS-500,OpsTrax Certification Lab,1.0.0,CERT-LARGE-20260825 NE-HUB inventory 0191
NEHUB-DEV-0192,NE-HUB,990000001000412,GPS,Certification GPS-500,OpsTrax Certification Lab,1.1.1,CERT-LARGE-20260825 NE-HUB inventory 0192
NEHUB-DEV-0193,NE-HUB,990000001000413,GPS,Certification GPS-500,OpsTrax Certification Lab,1.2.2,CERT-LARGE-20260825 NE-HUB inventory 0193
NEHUB-DEV-0194,NE-HUB,990000001000414,GPS,Certification GPS-500,OpsTrax Certification Lab,1.3.3,CERT-LARGE-20260825 NE-HUB inventory 0194
NEHUB-DEV-0195,NE-HUB,990000001000415,GPS,Certification GPS-500,OpsTrax Certification Lab,1.4.4,CERT-LARGE-20260825 NE-HUB inventory 0195
NEHUB-DEV-0196,NE-HUB,990000001000416,GPS,Certification GPS-500,OpsTrax Certification Lab,1.0.5,CERT-LARGE-20260825 NE-HUB inventory 0196
NEHUB-DEV-0197,NE-HUB,990000001000417,GPS,Certification GPS-500,OpsTrax Certification Lab,1.1.6,CERT-LARGE-20260825 NE-HUB inventory 0197
NEHUB-DEV-0198,NE-HUB,990000001000418,GPS,Certification GPS-500,OpsTrax Certification Lab,1.2.7,CERT-LARGE-20260825 NE-HUB inventory 0198
NEHUB-DEV-0199,NE-HUB,990000001000419,GPS,Certification GPS-500,OpsTrax Certification Lab,1.3.8,CERT-LARGE-20260825 NE-HUB inventory 0199
NEHUB-DEV-0200,NE-HUB,990000001000420,GPS,Certification GPS-500,OpsTrax Certification Lab,1.4.9,CERT-LARGE-20260825 NE-HUB inventory 0200
NEHUB-DEV-0201,NE-HUB,990000001000421,ELD,Certification ELD-200,OpsTrax Certification Lab,1.0.0,CERT-LARGE-20260825 NE-HUB inventory 0201
NEHUB-DEV-0202,NE-HUB,990000001000422,ELD,Certification ELD-200,OpsTrax Certification Lab,1.1.1,CERT-LARGE-20260825 NE-HUB inventory 0202
NEHUB-DEV-0203,NE-HUB,990000001000423,ELD,Certification ELD-200,OpsTrax Certification Lab,1.2.2,CERT-LARGE-20260825 NE-HUB inventory 0203
NEHUB-DEV-0204,NE-HUB,990000001000424,ELD,Certification ELD-200,OpsTrax Certification Lab,1.3.3,CERT-LARGE-20260825 NE-HUB inventory 0204
NEHUB-DEV-0205,NE-HUB,990000001000425,ELD,Certification ELD-200,OpsTrax Certification Lab,1.4.4,CERT-LARGE-20260825 NE-HUB inventory 0205
NEHUB-DEV-0206,NE-HUB,990000001000426,ELD,Certification ELD-200,OpsTrax Certification Lab,1.0.5,CERT-LARGE-20260825 NE-HUB inventory 0206
NEHUB-DEV-0207,NE-HUB,990000001000427,ELD,Certification ELD-200,OpsTrax Certification Lab,1.1.6,CERT-LARGE-20260825 NE-HUB inventory 0207
NEHUB-DEV-0208,NE-HUB,990000001000428,ELD,Certification ELD-200,OpsTrax Certification Lab,1.2.7,CERT-LARGE-20260825 NE-HUB inventory 0208
NEHUB-DEV-0209,NE-HUB,990000001000429,ELD,Certification ELD-200,OpsTrax Certification Lab,1.3.8,CERT-LARGE-20260825 NE-HUB inventory 0209
NEHUB-DEV-0210,NE-HUB,990000001000430,ELD,Certification ELD-200,OpsTrax Certification Lab,1.4.9,CERT-LARGE-20260825 NE-HUB inventory 0210
NEHUB-DEV-0211,NE-HUB,990000001000431,ELD,Certification ELD-200,OpsTrax Certification Lab,1.0.0,CERT-LARGE-20260825 NE-HUB inventory 0211
NEHUB-DEV-0212,NE-HUB,990000001000432,ELD,Certification ELD-200,OpsTrax Certification Lab,1.1.1,CERT-LARGE-20260825 NE-HUB inventory 0212
NEHUB-DEV-0213,NE-HUB,990000001000433,ELD,Certification ELD-200,OpsTrax Certification Lab,1.2.2,CERT-LARGE-20260825 NE-HUB inventory 0213
NEHUB-DEV-0214,NE-HUB,990000001000434,ELD,Certification ELD-200,OpsTrax Certification Lab,1.3.3,CERT-LARGE-20260825 NE-HUB inventory 0214
NEHUB-DEV-0215,NE-HUB,990000001000435,ELD,Certification ELD-200,OpsTrax Certification Lab,1.4.4,CERT-LARGE-20260825 NE-HUB inventory 0215
NEHUB-DEV-0216,NE-HUB,990000001000436,ELD,Certification ELD-200,OpsTrax Certification Lab,1.0.5,CERT-LARGE-20260825 NE-HUB inventory 0216
NEHUB-DEV-0217,NE-HUB,990000001000437,ELD,Certification ELD-200,OpsTrax Certification Lab,1.1.6,CERT-LARGE-20260825 NE-HUB inventory 0217
NEHUB-DEV-0218,NE-HUB,990000001000438,ELD,Certification ELD-200,OpsTrax Certification Lab,1.2.7,CERT-LARGE-20260825 NE-HUB inventory 0218
NEHUB-DEV-0219,NE-HUB,990000001000439,ELD,Certification ELD-200,OpsTrax Certification Lab,1.3.8,CERT-LARGE-20260825 NE-HUB inventory 0219
NEHUB-DEV-0220,NE-HUB,990000001000440,ELD,Certification ELD-200,OpsTrax Certification Lab,1.4.9,CERT-LARGE-20260825 NE-HUB inventory 0220