driverCode,fullName,phone,email,licenseNumber,licenseExpiry,status,safetyScore,complianceScore
CLHQ-D-0001,Certification Driver CLHQ 0001,'+1-555-010-0001,cert.driver.clhq.0001@example.invalid,•••• 0001,,Available,92.00,95.00
CLHQ-D-0002,Certification Driver CLHQ 0002,'+1-555-010-0002,cert.driver.clhq.0002@example.invalid,•••• 0002,,Available,92.00,95.00
CLHQ-D-0003,Certification Driver CLHQ 0003,'+1-555-010-0003,cert.driver.clhq.0003@example.invalid,•••• 0003,,Available,92.00,95.00
CLHQ-D-0004,Certification Driver CLHQ 0004,'+1-555-010-0004,cert.driver.clhq.0004@example.invalid,•••• 0004,,Available,92.00,95.00
CLHQ-D-0005,Certification Driver CLHQ 0005,'+1-555-010-0005,cert.driver.clhq.0005@example.invalid,•••• 0005,,Available,92.00,95.00
CLHQ-D-0006,Certification Driver CLHQ 0006,'+1-555-010-0006,cert.driver.clhq.0006@example.invalid,•••• 0006,,Available,92.00,95.00
CLHQ-D-0007,Certification Driver CLHQ 0007,'+1-555-010-0007,cert.driver.clhq.0007@example.invalid,•••• 0007,,Available,92.00,95.00
CLHQ-D-0008,Certification Driver CLHQ 0008,'+1-555-010-0008,cert.driver.clhq.0008@example.invalid,•••• 0008,,Available,92.00,95.00
CLHQ-D-0009,Certification Driver CLHQ 0009,'+1-555-010-0009,cert.driver.clhq.0009@example.invalid,•••• 0009,,Available,92.00,95.00
CLHQ-D-0010,Certification Driver CLHQ 0010,'+1-555-010-0010,cert.driver.clhq.0010@example.invalid,•••• 0010,,Available,92.00,95.00
CLHQ-D-0011,Certification Driver CLHQ 0011,'+1-555-010-0011,cert.driver.clhq.0011@example.invalid,•••• 0011,,Available,92.00,95.00
CLHQ-D-0012,Certification Driver CLHQ 0012,'+1-555-010-0012,cert.driver.clhq.0012@example.invalid,•••• 0012,,Available,92.00,95.00
CLHQ-D-0013,Certification Driver CLHQ 0013,'+1-555-010-0013,cert.driver.clhq.0013@example.invalid,•••• 0013,,Available,92.00,95.00
CLHQ-D-0014,Certification Driver CLHQ 0014,'+1-555-010-0014,cert.driver.clhq.0014@example.invalid,•••• 0014,,Available,92.00,95.00
CLHQ-D-0015,Certification Driver CLHQ 0015,'+1-555-010-0015,cert.driver.clhq.0015@example.invalid,•••• 0015,,Available,92.00,95.00
CLHQ-D-0016,Certification Driver CLHQ 0016,'+1-555-010-0016,cert.driver.clhq.0016@example.invalid,•••• 0016,,Available,92.00,95.00
CLHQ-D-0017,Certification Driver CLHQ 0017,'+1-555-010-0017,cert.driver.clhq.0017@example.invalid,•••• 0017,,Available,92.00,95.00
CLHQ-D-0018,Certification Driver CLHQ 0018,'+1-555-010-0018,cert.driver.clhq.0018@example.invalid,•••• 0018,,Available,92.00,95.00
CLHQ-D-0019,Certification Driver CLHQ 0019,'+1-555-010-0019,cert.driver.clhq.0019@example.invalid,•••• 0019,,Available,92.00,95.00
CLHQ-D-0020,Certification Driver CLHQ 0020,'+1-555-010-0020,cert.driver.clhq.0020@example.invalid,•••• 0020,,Available,92.00,95.00
CLHQ-D-0021,Certification Driver CLHQ 0021,'+1-555-010-0021,cert.driver.clhq.0021@example.invalid,•••• 0021,,Available,92.00,95.00
CLHQ-D-0022,Certification Driver CLHQ 0022,'+1-555-010-0022,cert.driver.clhq.0022@example.invalid,•••• 0022,,Available,92.00,95.00
CLHQ-D-0023,Certification Driver CLHQ 0023,'+1-555-010-0023,cert.driver.clhq.0023@example.invalid,•••• 0023,,Available,92.00,95.00
CLHQ-D-0024,Certification Driver CLHQ 0024,'+1-555-010-0024,cert.driver.clhq.0024@example.invalid,•••• 0024,,Available,92.00,95.00
CLHQ-D-0025,Certification Driver CLHQ 0025,'+1-555-010-0025,cert.driver.clhq.0025@example.invalid,•••• 0025,,Available,92.00,95.00
CLHQ-D-0026,Certification Driver CLHQ 0026,'+1-555-010-0026,cert.driver.clhq.0026@example.invalid,•••• 0026,,Available,92.00,95.00
CLHQ-D-0027,Certification Driver CLHQ 0027,'+1-555-010-0027,cert.driver.clhq.0027@example.invalid,•••• 0027,,Available,92.00,95.00
CLHQ-D-0028,Certification Driver CLHQ 0028,'+1-555-010-0028,cert.driver.clhq.0028@example.invalid,•••• 0028,,Available,92.00,95.00
CLHQ-D-0029,Certification Driver CLHQ 0029,'+1-555-010-0029,cert.driver.clhq.0029@example.invalid,•••• 0029,,Available,92.00,95.00
CLHQ-D-0030,Certification Driver CLHQ 0030,'+1-555-010-0030,cert.driver.clhq.0030@example.invalid,•••• 0030,,Available,92.00,95.00
CLHQ-D-0031,Certification Driver CLHQ 0031,'+1-555-010-0031,cert.driver.clhq.0031@example.invalid,•••• 0031,,Available,92.00,95.00
CLHQ-D-0032,Certification Driver CLHQ 0032,'+1-555-010-0032,cert.driver.clhq.0032@example.invalid,•••• 0032,,Available,92.00,95.00
CLHQ-D-0033,Certification Driver CLHQ 0033,'+1-555-010-0033,cert.driver.clhq.0033@example.invalid,•••• 0033,,Available,92.00,95.00
CLHQ-D-0034,Certification Driver CLHQ 0034,'+1-555-010-0034,cert.driver.clhq.0034@example.invalid,•••• 0034,,Available,92.00,95.00
CLHQ-D-0035,Certification Driver CLHQ 0035,'+1-555-010-0035,cert.driver.clhq.0035@example.invalid,•••• 0035,,Available,92.00,95.00
CLHQ-D-0036,Certification Driver CLHQ 0036,'+1-555-010-0036,cert.driver.clhq.0036@example.invalid,•••• 0036,,Available,92.00,95.00
CLHQ-D-0037,Certification Driver CLHQ 0037,'+1-555-010-0037,cert.driver.clhq.0037@example.invalid,•••• 0037,,Available,92.00,95.00
CLHQ-D-0038,Certification Driver CLHQ 0038,'+1-555-010-0038,cert.driver.clhq.0038@example.invalid,•••• 0038,,Available,92.00,95.00
CLHQ-D-0039,Certification Driver CLHQ 0039,'+1-555-010-0039,cert.driver.clhq.0039@example.invalid,•••• 0039,,Available,92.00,95.00
CLHQ-D-0040,Certification Driver CLHQ 0040,'+1-555-010-0040,cert.driver.clhq.0040@example.invalid,•••• 0040,,Available,92.00,95.00
CLHQ-D-0041,Certification Driver CLHQ 0041,'+1-555-010-0041,cert.driver.clhq.0041@example.invalid,•••• 0041,,Available,92.00,95.00
CLHQ-D-0042,Certification Driver CLHQ 0042,'+1-555-010-0042,cert.driver.clhq.0042@example.invalid,•••• 0042,,Available,92.00,95.00
CLHQ-D-0043,Certification Driver CLHQ 0043,'+1-555-010-0043,cert.driver.clhq.0043@example.invalid,•••• 0043,,Available,92.00,95.00
CLHQ-D-0044,Certification Driver CLHQ 0044,'+1-555-010-0044,cert.driver.clhq.0044@example.invalid,•••• 0044,,Available,92.00,95.00
CLHQ-D-0045,Certification Driver CLHQ 0045,'+1-555-010-0045,cert.driver.clhq.0045@example.invalid,•••• 0045,,Available,92.00,95.00
CLHQ-D-0046,Certification Driver CLHQ 0046,'+1-555-010-0046,cert.driver.clhq.0046@example.invalid,•••• 0046,,Available,92.00,95.00
CLHQ-D-0047,Certification Driver CLHQ 0047,'+1-555-010-0047,cert.driver.clhq.0047@example.invalid,•••• 0047,,Available,92.00,95.00
CLHQ-D-0048,Certification Driver CLHQ 0048,'+1-555-010-0048,cert.driver.clhq.0048@example.invalid,•••• 0048,,Available,92.00,95.00
CLHQ-D-0049,Certification Driver CLHQ 0049,'+1-555-010-0049,cert.driver.clhq.0049@example.invalid,•••• 0049,,Available,92.00,95.00
CLHQ-D-0050,Certification Driver CLHQ 0050,'+1-555-010-0050,cert.driver.clhq.0050@example.invalid,•••• 0050,,Available,92.00,95.00
CLHQ-D-0051,Certification Driver CLHQ 0051,'+1-555-010-0051,cert.driver.clhq.0051@example.invalid,•••• 0051,,Available,92.00,95.00
CLHQ-D-0052,Certification Driver CLHQ 0052,'+1-555-010-0052,cert.driver.clhq.0052@example.invalid,•••• 0052,,Available,92.00,95.00
CLHQ-D-0053,Certification Driver CLHQ 0053,'+1-555-010-0053,cert.driver.clhq.0053@example.invalid,•••• 0053,,Available,92.00,95.00
CLHQ-D-0054,Certification Driver CLHQ 0054,'+1-555-010-0054,cert.driver.clhq.0054@example.invalid,•••• 0054,,Available,92.00,95.00
CLHQ-D-0055,Certification Driver CLHQ 0055,'+1-555-010-0055,cert.driver.clhq.0055@example.invalid,•••• 0055,,Available,92.00,95.00
CLHQ-D-0056,Certification Driver CLHQ 0056,'+1-555-010-0056,cert.driver.clhq.0056@example.invalid,•••• 0056,,Available,92.00,95.00
CLHQ-D-0057,Certification Driver CLHQ 0057,'+1-555-010-0057,cert.driver.clhq.0057@example.invalid,•••• 0057,,Available,92.00,95.00
CLHQ-D-0058,Certification Driver CLHQ 0058,'+1-555-010-0058,cert.driver.clhq.0058@example.invalid,•••• 0058,,Available,92.00,95.00
CLHQ-D-0059,Certification Driver CLHQ 0059,'+1-555-010-0059,cert.driver.clhq.0059@example.invalid,•••• 0059,,Available,92.00,95.00
CLHQ-D-0060,Certification Driver CLHQ 0060,'+1-555-010-0060,cert.driver.clhq.0060@example.invalid,•••• 0060,,Available,92.00,95.00
CLHQ-D-0061,Certification Driver CLHQ 0061,'+1-555-010-0061,cert.driver.clhq.0061@example.invalid,•••• 0061,,Available,92.00,95.00
CLHQ-D-0062,Certification Driver CLHQ 0062,'+1-555-010-0062,cert.driver.clhq.0062@example.invalid,•••• 0062,,Available,92.00,95.00
CLHQ-D-0063,Certification Driver CLHQ 0063,'+1-555-010-0063,cert.driver.clhq.0063@example.invalid,•••• 0063,,Available,92.00,95.00
CLHQ-D-0064,Certification Driver CLHQ 0064,'+1-555-010-0064,cert.driver.clhq.0064@example.invalid,•••• 0064,,Available,92.00,95.00
CLHQ-D-0065,Certification Driver CLHQ 0065,'+1-555-010-0065,cert.driver.clhq.0065@example.invalid,•••• 0065,,Available,92.00,95.00
CLHQ-D-0066,Certification Driver CLHQ 0066,'+1-555-010-0066,cert.driver.clhq.0066@example.invalid,•••• 0066,,Available,92.00,95.00
CLHQ-D-0067,Certification Driver CLHQ 0067,'+1-555-010-0067,cert.driver.clhq.0067@example.invalid,•••• 0067,,Available,92.00,95.00
CLHQ-D-0068,Certification Driver CLHQ 0068,'+1-555-010-0068,cert.driver.clhq.0068@example.invalid,•••• 0068,,Available,92.00,95.00
CLHQ-D-0069,Certification Driver CLHQ 0069,'+1-555-010-0069,cert.driver.clhq.0069@example.invalid,•••• 0069,,Available,92.00,95.00
CLHQ-D-0070,Certification Driver CLHQ 0070,'+1-555-010-0070,cert.driver.clhq.0070@example.invalid,•••• 0070,,Available,92.00,95.00
CLHQ-D-0071,Certification Driver CLHQ 0071,'+1-555-010-0071,cert.driver.clhq.0071@example.invalid,•••• 0071,,Available,92.00,95.00
CLHQ-D-0072,Certification Driver CLHQ 0072,'+1-555-010-0072,cert.driver.clhq.0072@example.invalid,•••• 0072,,Available,92.00,95.00
CLHQ-D-0073,Certification Driver CLHQ 0073,'+1-555-010-0073,cert.driver.clhq.0073@example.invalid,•••• 0073,,Available,92.00,95.00
CLHQ-D-0074,Certification Driver CLHQ 0074,'+1-555-010-0074,cert.driver.clhq.0074@example.invalid,•••• 0074,,Available,92.00,95.00
CLHQ-D-0075,Certification Driver CLHQ 0075,'+1-555-010-0075,cert.driver.clhq.0075@example.invalid,•••• 0075,,Available,92.00,95.00
CLHQ-D-0076,Certification Driver CLHQ 0076,'+1-555-010-0076,cert.driver.clhq.0076@example.invalid,•••• 0076,,Available,92.00,95.00
CLHQ-D-0077,Certification Driver CLHQ 0077,'+1-555-010-0077,cert.driver.clhq.0077@example.invalid,•••• 0077,,Available,92.00,95.00
CLHQ-D-0078,Certification Driver CLHQ 0078,'+1-555-010-0078,cert.driver.clhq.0078@example.invalid,•••• 0078,,Available,92.00,95.00
CLHQ-D-0079,Certification Driver CLHQ 0079,'+1-555-010-0079,cert.driver.clhq.0079@example.invalid,•••• 0079,,Available,92.00,95.00
CLHQ-D-0080,Certification Driver CLHQ 0080,'+1-555-010-0080,cert.driver.clhq.0080@example.invalid,•••• 0080,,Available,92.00,95.00
CLHQ-D-0081,Certification Driver CLHQ 0081,'+1-555-010-0081,cert.driver.clhq.0081@example.invalid,•••• 0081,,Available,92.00,95.00
CLHQ-D-0082,Certification Driver CLHQ 0082,'+1-555-010-0082,cert.driver.clhq.0082@example.invalid,•••• 0082,,Available,92.00,95.00
CLHQ-D-0083,Certification Driver CLHQ 0083,'+1-555-010-0083,cert.driver.clhq.0083@example.invalid,•••• 0083,,Available,92.00,95.00
CLHQ-D-0084,Certification Driver CLHQ 0084,'+1-555-010-0084,cert.driver.clhq.0084@example.invalid,•••• 0084,,Available,92.00,95.00
CLHQ-D-0085,Certification Driver CLHQ 0085,'+1-555-010-0085,cert.driver.clhq.0085@example.invalid,•••• 0085,,Available,92.00,95.00
CLHQ-D-0086,Certification Driver CLHQ 0086,'+1-555-010-0086,cert.driver.clhq.0086@example.invalid,•••• 0086,,Available,92.00,95.00
CLHQ-D-0087,Certification Driver CLHQ 0087,'+1-555-010-0087,cert.driver.clhq.0087@example.invalid,•••• 0087,,Available,92.00,95.00
CLHQ-D-0088,Certification Driver CLHQ 0088,'+1-555-010-0088,cert.driver.clhq.0088@example.invalid,•••• 0088,,Available,92.00,95.00
CLHQ-D-0089,Certification Driver CLHQ 0089,'+1-555-010-0089,cert.driver.clhq.0089@example.invalid,•••• 0089,,Available,92.00,95.00
CLHQ-D-0090,Certification Driver CLHQ 0090,'+1-555-010-0090,cert.driver.clhq.0090@example.invalid,•••• 0090,,Available,92.00,95.00
CLHQ-D-0091,Certification Driver CLHQ 0091,'+1-555-010-0091,cert.driver.clhq.0091@example.invalid,•••• 0091,,Available,92.00,95.00
CLHQ-D-0092,Certification Driver CLHQ 0092,'+1-555-010-0092,cert.driver.clhq.0092@example.invalid,•••• 0092,,Available,92.00,95.00
CLHQ-D-0093,Certification Driver CLHQ 0093,'+1-555-010-0093,cert.driver.clhq.0093@example.invalid,•••• 0093,,Available,92.00,95.00
CLHQ-D-0094,Certification Driver CLHQ 0094,'+1-555-010-0094,cert.driver.clhq.0094@example.invalid,•••• 0094,,Available,92.00,95.00
CLHQ-D-0095,Certification Driver CLHQ 0095,'+1-555-010-0095,cert.driver.clhq.0095@example.invalid,•••• 0095,,Available,92.00,95.00
CLHQ-D-0096,Certification Driver CLHQ 0096,'+1-555-010-0096,cert.driver.clhq.0096@example.invalid,•••• 0096,,Available,92.00,95.00
CLHQ-D-0097,Certification Driver CLHQ 0097,'+1-555-010-0097,cert.driver.clhq.0097@example.invalid,•••• 0097,,Available,92.00,95.00
CLHQ-D-0098,Certification Driver CLHQ 0098,'+1-555-010-0098,cert.driver.clhq.0098@example.invalid,•••• 0098,,Available,92.00,95.00
CLHQ-D-0099,Certification Driver CLHQ 0099,'+1-555-010-0099,cert.driver.clhq.0099@example.invalid,•••• 0099,,Available,92.00,95.00
CLHQ-D-0100,Certification Driver CLHQ 0100,'+1-555-010-0100,cert.driver.clhq.0100@example.invalid,•••• 0100,,Available,92.00,95.00
CLHQ-D-0101,Certification Driver CLHQ 0101,'+1-555-010-0101,cert.driver.clhq.0101@example.invalid,•••• 0101,,Available,92.00,95.00
CLHQ-D-0102,Certification Driver CLHQ 0102,'+1-555-010-0102,cert.driver.clhq.0102@example.invalid,•••• 0102,,Available,92.00,95.00
CLHQ-D-0103,Certification Driver CLHQ 0103,'+1-555-010-0103,cert.driver.clhq.0103@example.invalid,•••• 0103,,Available,92.00,95.00
CLHQ-D-0104,Certification Driver CLHQ 0104,'+1-555-010-0104,cert.driver.clhq.0104@example.invalid,•••• 0104,,Available,92.00,95.00
CLHQ-D-0105,Certification Driver CLHQ 0105,'+1-555-010-0105,cert.driver.clhq.0105@example.invalid,•••• 0105,,Available,92.00,95.00
CLHQ-D-0106,Certification Driver CLHQ 0106,'+1-555-010-0106,cert.driver.clhq.0106@example.invalid,•••• 0106,,Available,92.00,95.00
CLHQ-D-0107,Certification Driver CLHQ 0107,'+1-555-010-0107,cert.driver.clhq.0107@example.invalid,•••• 0107,,Available,92.00,95.00
CLHQ-D-0108,Certification Driver CLHQ 0108,'+1-555-010-0108,cert.driver.clhq.0108@example.invalid,•••• 0108,,Available,92.00,95.00
CLHQ-D-0109,Certification Driver CLHQ 0109,'+1-555-010-0109,cert.driver.clhq.0109@example.invalid,•••• 0109,,Available,92.00,95.00
CLHQ-D-0110,Certification Driver CLHQ 0110,'+1-555-010-0110,cert.driver.clhq.0110@example.invalid,•••• 0110,,Available,92.00,95.00
CLHQ-D-0111,Certification Driver CLHQ 0111,'+1-555-010-0111,cert.driver.clhq.0111@example.invalid,•••• 0111,,Available,92.00,95.00
CLHQ-D-0112,Certification Driver CLHQ 0112,'+1-555-010-0112,cert.driver.clhq.0112@example.invalid,•••• 0112,,Available,92.00,95.00
CLHQ-D-0113,Certification Driver CLHQ 0113,'+1-555-010-0113,cert.driver.clhq.0113@example.invalid,•••• 0113,,Available,92.00,95.00
CLHQ-D-0114,Certification Driver CLHQ 0114,'+1-555-010-0114,cert.driver.clhq.0114@example.invalid,•••• 0114,,Available,92.00,95.00
CLHQ-D-0115,Certification Driver CLHQ 0115,'+1-555-010-0115,cert.driver.clhq.0115@example.invalid,•••• 0115,,Available,92.00,95.00
CLHQ-D-0116,Certification Driver CLHQ 0116,'+1-555-010-0116,cert.driver.clhq.0116@example.invalid,•••• 0116,,Available,92.00,95.00
CLHQ-D-0117,Certification Driver CLHQ 0117,'+1-555-010-0117,cert.driver.clhq.0117@example.invalid,•••• 0117,,Available,92.00,95.00
CLHQ-D-0118,Certification Driver CLHQ 0118,'+1-555-010-0118,cert.driver.clhq.0118@example.invalid,•••• 0118,,Available,92.00,95.00
CLHQ-D-0119,Certification Driver CLHQ 0119,'+1-555-010-0119,cert.driver.clhq.0119@example.invalid,•••• 0119,,Available,92.00,95.00
CLHQ-D-0120,Certification Driver CLHQ 0120,'+1-555-010-0120,cert.driver.clhq.0120@example.invalid,•••• 0120,,Available,92.00,95.00
CLHQ-D-0121,Certification Driver CLHQ 0121,'+1-555-010-0121,cert.driver.clhq.0121@example.invalid,•••• 0121,,Available,92.00,95.00
CLHQ-D-0122,Certification Driver CLHQ 0122,'+1-555-010-0122,cert.driver.clhq.0122@example.invalid,•••• 0122,,Available,92.00,95.00
CLHQ-D-0123,Certification Driver CLHQ 0123,'+1-555-010-0123,cert.driver.clhq.0123@example.invalid,•••• 0123,,Available,92.00,95.00
CLHQ-D-0124,Certification Driver CLHQ 0124,'+1-555-010-0124,cert.driver.clhq.0124@example.invalid,•••• 0124,,Available,92.00,95.00
CLHQ-D-0125,Certification Driver CLHQ 0125,'+1-555-010-0125,cert.driver.clhq.0125@example.invalid,•••• 0125,,Available,92.00,95.00
CLHQ-D-0126,Certification Driver CLHQ 0126,'+1-555-010-0126,cert.driver.clhq.0126@example.invalid,•••• 0126,,Available,92.00,95.00
CLHQ-D-0127,Certification Driver CLHQ 0127,'+1-555-010-0127,cert.driver.clhq.0127@example.invalid,•••• 0127,,Available,92.00,95.00
CLHQ-D-0128,Certification Driver CLHQ 0128,'+1-555-010-0128,cert.driver.clhq.0128@example.invalid,•••• 0128,,Available,92.00,95.00
CLHQ-D-0129,Certification Driver CLHQ 0129,'+1-555-010-0129,cert.driver.clhq.0129@example.invalid,•••• 0129,,Available,92.00,95.00
CLHQ-D-0130,Certification Driver CLHQ 0130,'+1-555-010-0130,cert.driver.clhq.0130@example.invalid,•••• 0130,,Available,92.00,95.00
CLHQ-D-0131,Certification Driver CLHQ 0131,'+1-555-010-0131,cert.driver.clhq.0131@example.invalid,•••• 0131,,Available,92.00,95.00
CLHQ-D-0132,Certification Driver CLHQ 0132,'+1-555-010-0132,cert.driver.clhq.0132@example.invalid,•••• 0132,,Available,92.00,95.00
CLHQ-D-0133,Certification Driver CLHQ 0133,'+1-555-010-0133,cert.driver.clhq.0133@example.invalid,•••• 0133,,Available,92.00,95.00
CLHQ-D-0134,Certification Driver CLHQ 0134,'+1-555-010-0134,cert.driver.clhq.0134@example.invalid,•••• 0134,,Available,92.00,95.00
CLHQ-D-0135,Certification Driver CLHQ 0135,'+1-555-010-0135,cert.driver.clhq.0135@example.invalid,•••• 0135,,Available,92.00,95.00
CLHQ-D-0136,Certification Driver CLHQ 0136,'+1-555-010-0136,cert.driver.clhq.0136@example.invalid,•••• 0136,,Available,92.00,95.00
CLHQ-D-0137,Certification Driver CLHQ 0137,'+1-555-010-0137,cert.driver.clhq.0137@example.invalid,•••• 0137,,Available,92.00,95.00
CLHQ-D-0138,Certification Driver CLHQ 0138,'+1-555-010-0138,cert.driver.clhq.0138@example.invalid,•••• 0138,,Available,92.00,95.00
CLHQ-D-0139,Certification Driver CLHQ 0139,'+1-555-010-0139,cert.driver.clhq.0139@example.invalid,•••• 0139,,Available,92.00,95.00
CLHQ-D-0140,Certification Driver CLHQ 0140,'+1-555-010-0140,cert.driver.clhq.0140@example.invalid,•••• 0140,,Available,92.00,95.00
CLHQ-D-0141,Certification Driver CLHQ 0141,'+1-555-010-0141,cert.driver.clhq.0141@example.invalid,•••• 0141,,Available,92.00,95.00
CLHQ-D-0142,Certification Driver CLHQ 0142,'+1-555-010-0142,cert.driver.clhq.0142@example.invalid,•••• 0142,,Available,92.00,95.00
CLHQ-D-0143,Certification Driver CLHQ 0143,'+1-555-010-0143,cert.driver.clhq.0143@example.invalid,•••• 0143,,Available,92.00,95.00
CLHQ-D-0144,Certification Driver CLHQ 0144,'+1-555-010-0144,cert.driver.clhq.0144@example.invalid,•••• 0144,,Available,92.00,95.00
CLHQ-D-0145,Certification Driver CLHQ 0145,'+1-555-010-0145,cert.driver.clhq.0145@example.invalid,•••• 0145,,Available,92.00,95.00
CLHQ-D-0146,Certification Driver CLHQ 0146,'+1-555-010-0146,cert.driver.clhq.0146@example.invalid,•••• 0146,,Available,92.00,95.00
CLHQ-D-0147,Certification Driver CLHQ 0147,'+1-555-010-0147,cert.driver.clhq.0147@example.invalid,•••• 0147,,Available,92.00,95.00
CLHQ-D-0148,Certification Driver CLHQ 0148,'+1-555-010-0148,cert.driver.clhq.0148@example.invalid,•••• 0148,,Available,92.00,95.00
CLHQ-D-0149,Certification Driver CLHQ 0149,'+1-555-010-0149,cert.driver.clhq.0149@example.invalid,•••• 0149,,Available,92.00,95.00
CLHQ-D-0150,Certification Driver CLHQ 0150,'+1-555-010-0150,cert.driver.clhq.0150@example.invalid,•••• 0150,,Available,92.00,95.00
CLHQ-D-0151,Certification Driver CLHQ 0151,'+1-555-010-0151,cert.driver.clhq.0151@example.invalid,•••• 0151,,Available,92.00,95.00
CLHQ-D-0152,Certification Driver CLHQ 0152,'+1-555-010-0152,cert.driver.clhq.0152@example.invalid,•••• 0152,,Available,92.00,95.00
CLHQ-D-0153,Certification Driver CLHQ 0153,'+1-555-010-0153,cert.driver.clhq.0153@example.invalid,•••• 0153,,Available,92.00,95.00
CLHQ-D-0154,Certification Driver CLHQ 0154,'+1-555-010-0154,cert.driver.clhq.0154@example.invalid,•••• 0154,,Available,92.00,95.00
CLHQ-D-0155,Certification Driver CLHQ 0155,'+1-555-010-0155,cert.driver.clhq.0155@example.invalid,•••• 0155,,Available,92.00,95.00
CLHQ-D-0156,Certification Driver CLHQ 0156,'+1-555-010-0156,cert.driver.clhq.0156@example.invalid,•••• 0156,,Available,92.00,95.00
CLHQ-D-0157,Certification Driver CLHQ 0157,'+1-555-010-0157,cert.driver.clhq.0157@example.invalid,•••• 0157,,Available,92.00,95.00
CLHQ-D-0158,Certification Driver CLHQ 0158,'+1-555-010-0158,cert.driver.clhq.0158@example.invalid,•••• 0158,,Available,92.00,95.00
CLHQ-D-0159,Certification Driver CLHQ 0159,'+1-555-010-0159,cert.driver.clhq.0159@example.invalid,•••• 0159,,Available,92.00,95.00
CLHQ-D-0160,Certification Driver CLHQ 0160,'+1-555-010-0160,cert.driver.clhq.0160@example.invalid,•••• 0160,,Available,92.00,95.00
CLHQ-D-0161,Certification Driver CLHQ 0161,'+1-555-010-0161,cert.driver.clhq.0161@example.invalid,•••• 0161,,Available,92.00,95.00
CLHQ-D-0162,Certification Driver CLHQ 0162,'+1-555-010-0162,cert.driver.clhq.0162@example.invalid,•••• 0162,,Available,92.00,95.00
CLHQ-D-0163,Certification Driver CLHQ 0163,'+1-555-010-0163,cert.driver.clhq.0163@example.invalid,•••• 0163,,Available,92.00,95.00
CLHQ-D-0164,Certification Driver CLHQ 0164,'+1-555-010-0164,cert.driver.clhq.0164@example.invalid,•••• 0164,,Available,92.00,95.00
CLHQ-D-0165,Certification Driver CLHQ 0165,'+1-555-010-0165,cert.driver.clhq.0165@example.invalid,•••• 0165,,Available,92.00,95.00
CLHQ-D-0166,Certification Driver CLHQ 0166,'+1-555-010-0166,cert.driver.clhq.0166@example.invalid,•••• 0166,,Available,92.00,95.00
CLHQ-D-0167,Certification Driver CLHQ 0167,'+1-555-010-0167,cert.driver.clhq.0167@example.invalid,•••• 0167,,Available,92.00,95.00
CLHQ-D-0168,Certification Driver CLHQ 0168,'+1-555-010-0168,cert.driver.clhq.0168@example.invalid,•••• 0168,,Available,92.00,95.00
CLHQ-D-0169,Certification Driver CLHQ 0169,'+1-555-010-0169,cert.driver.clhq.0169@example.invalid,•••• 0169,,Available,92.00,95.00
CLHQ-D-0170,Certification Driver CLHQ 0170,'+1-555-010-0170,cert.driver.clhq.0170@example.invalid,•••• 0170,,Available,92.00,95.00
CLHQ-D-0171,Certification Driver CLHQ 0171,'+1-555-010-0171,cert.driver.clhq.0171@example.invalid,•••• 0171,,Available,92.00,95.00
CLHQ-D-0172,Certification Driver CLHQ 0172,'+1-555-010-0172,cert.driver.clhq.0172@example.invalid,•••• 0172,,Available,92.00,95.00
CLHQ-D-0173,Certification Driver CLHQ 0173,'+1-555-010-0173,cert.driver.clhq.0173@example.invalid,•••• 0173,,Available,92.00,95.00
CLHQ-D-0174,Certification Driver CLHQ 0174,'+1-555-010-0174,cert.driver.clhq.0174@example.invalid,•••• 0174,,Available,92.00,95.00
CLHQ-D-0175,Certification Driver CLHQ 0175,'+1-555-010-0175,cert.driver.clhq.0175@example.invalid,•••• 0175,,Available,92.00,95.00
CLHQ-D-0176,Certification Driver CLHQ 0176,'+1-555-010-0176,cert.driver.clhq.0176@example.invalid,•••• 0176,,Available,92.00,95.00
CLHQ-D-0177,Certification Driver CLHQ 0177,'+1-555-010-0177,cert.driver.clhq.0177@example.invalid,•••• 0177,,Available,92.00,95.00
CLHQ-D-0178,Certification Driver CLHQ 0178,'+1-555-010-0178,cert.driver.clhq.0178@example.invalid,•••• 0178,,Available,92.00,95.00
CLHQ-D-0179,Certification Driver CLHQ 0179,'+1-555-010-0179,cert.driver.clhq.0179@example.invalid,•••• 0179,,Available,92.00,95.00
CLHQ-D-0180,Certification Driver CLHQ 0180,'+1-555-010-0180,cert.driver.clhq.0180@example.invalid,•••• 0180,,Available,92.00,95.00
CLHQ-D-0181,Certification Driver CLHQ 0181,'+1-555-010-0181,cert.driver.clhq.0181@example.invalid,•••• 0181,,Available,92.00,95.00
CLHQ-D-0182,Certification Driver CLHQ 0182,'+1-555-010-0182,cert.driver.clhq.0182@example.invalid,•••• 0182,,Available,92.00,95.00
CLHQ-D-0183,Certification Driver CLHQ 0183,'+1-555-010-0183,cert.driver.clhq.0183@example.invalid,•••• 0183,,Available,92.00,95.00
CLHQ-D-0184,Certification Driver CLHQ 0184,'+1-555-010-0184,cert.driver.clhq.0184@example.invalid,•••• 0184,,Available,92.00,95.00
CLHQ-D-0185,Certification Driver CLHQ 0185,'+1-555-010-0185,cert.driver.clhq.0185@example.invalid,•••• 0185,,Available,92.00,95.00
CLHQ-D-0186,Certification Driver CLHQ 0186,'+1-555-010-0186,cert.driver.clhq.0186@example.invalid,•••• 0186,,Available,92.00,95.00
CLHQ-D-0187,Certification Driver CLHQ 0187,'+1-555-010-0187,cert.driver.clhq.0187@example.invalid,•••• 0187,,Available,92.00,95.00
CLHQ-D-0188,Certification Driver CLHQ 0188,'+1-555-010-0188,cert.driver.clhq.0188@example.invalid,•••• 0188,,Available,92.00,95.00
CLHQ-D-0189,Certification Driver CLHQ 0189,'+1-555-010-0189,cert.driver.clhq.0189@example.invalid,•••• 0189,,Available,92.00,95.00
CLHQ-D-0190,Certification Driver CLHQ 0190,'+1-555-010-0190,cert.driver.clhq.0190@example.invalid,•••• 0190,,Available,92.00,95.00
CLHQ-D-0191,Certification Driver CLHQ 0191,'+1-555-010-0191,cert.driver.clhq.0191@example.invalid,•••• 0191,,Available,92.00,95.00
CLHQ-D-0192,Certification Driver CLHQ 0192,'+1-555-010-0192,cert.driver.clhq.0192@example.invalid,•••• 0192,,Available,92.00,95.00
CLHQ-D-0193,Certification Driver CLHQ 0193,'+1-555-010-0193,cert.driver.clhq.0193@example.invalid,•••• 0193,,Available,92.00,95.00
CLHQ-D-0194,Certification Driver CLHQ 0194,'+1-555-010-0194,cert.driver.clhq.0194@example.invalid,•••• 0194,,Available,92.00,95.00
CLHQ-D-0195,Certification Driver CLHQ 0195,'+1-555-010-0195,cert.driver.clhq.0195@example.invalid,•••• 0195,,Available,92.00,95.00
CLHQ-D-0196,Certification Driver CLHQ 0196,'+1-555-010-0196,cert.driver.clhq.0196@example.invalid,•••• 0196,,Available,92.00,95.00
CLHQ-D-0197,Certification Driver CLHQ 0197,'+1-555-010-0197,cert.driver.clhq.0197@example.invalid,•••• 0197,,Available,92.00,95.00
CLHQ-D-0198,Certification Driver CLHQ 0198,'+1-555-010-0198,cert.driver.clhq.0198@example.invalid,•••• 0198,,Available,92.00,95.00
CLHQ-D-0199,Certification Driver CLHQ 0199,'+1-555-010-0199,cert.driver.clhq.0199@example.invalid,•••• 0199,,Available,92.00,95.00
CLHQ-D-0200,Certification Driver CLHQ 0200,'+1-555-010-0200,cert.driver.clhq.0200@example.invalid,•••• 0200,,Available,92.00,95.00
CLHQ-D-0201,Certification Driver CLHQ 0201,'+1-555-010-0201,cert.driver.clhq.0201@example.invalid,•••• 0201,,Available,92.00,95.00
CLHQ-D-0202,Certification Driver CLHQ 0202,'+1-555-010-0202,cert.driver.clhq.0202@example.invalid,•••• 0202,,Available,92.00,95.00
CLHQ-D-0203,Certification Driver CLHQ 0203,'+1-555-010-0203,cert.driver.clhq.0203@example.invalid,•••• 0203,,Available,92.00,95.00
CLHQ-D-0204,Certification Driver CLHQ 0204,'+1-555-010-0204,cert.driver.clhq.0204@example.invalid,•••• 0204,,Available,92.00,95.00
CLHQ-D-0205,Certification Driver CLHQ 0205,'+1-555-010-0205,cert.driver.clhq.0205@example.invalid,•••• 0205,,Available,92.00,95.00
CLHQ-D-0206,Certification Driver CLHQ 0206,'+1-555-010-0206,cert.driver.clhq.0206@example.invalid,•••• 0206,,Available,92.00,95.00
CLHQ-D-0207,Certification Driver CLHQ 0207,'+1-555-010-0207,cert.driver.clhq.0207@example.invalid,•••• 0207,,Available,92.00,95.00
CLHQ-D-0208,Certification Driver CLHQ 0208,'+1-555-010-0208,cert.driver.clhq.0208@example.invalid,•••• 0208,,Available,92.00,95.00
CLHQ-D-0209,Certification Driver CLHQ 0209,'+1-555-010-0209,cert.driver.clhq.0209@example.invalid,•••• 0209,,Available,92.00,95.00
CLHQ-D-0210,Certification Driver CLHQ 0210,'+1-555-010-0210,cert.driver.clhq.0210@example.invalid,•••• 0210,,Available,92.00,95.00
CLHQ-D-0211,Certification Driver CLHQ 0211,'+1-555-010-0211,cert.driver.clhq.0211@example.invalid,•••• 0211,,Available,92.00,95.00
CLHQ-D-0212,Certification Driver CLHQ 0212,'+1-555-010-0212,cert.driver.clhq.0212@example.invalid,•••• 0212,,Available,92.00,95.00
CLHQ-D-0213,Certification Driver CLHQ 0213,'+1-555-010-0213,cert.driver.clhq.0213@example.invalid,•••• 0213,,Available,92.00,95.00
CLHQ-D-0214,Certification Driver CLHQ 0214,'+1-555-010-0214,cert.driver.clhq.0214@example.invalid,•••• 0214,,Available,92.00,95.00
CLHQ-D-0215,Certification Driver CLHQ 0215,'+1-555-010-0215,cert.driver.clhq.0215@example.invalid,•••• 0215,,Available,92.00,95.00
CLHQ-D-0216,Certification Driver CLHQ 0216,'+1-555-010-0216,cert.driver.clhq.0216@example.invalid,•••• 0216,,Available,92.00,95.00
CLHQ-D-0217,Certification Driver CLHQ 0217,'+1-555-010-0217,cert.driver.clhq.0217@example.invalid,•••• 0217,,Available,92.00,95.00
CLHQ-D-0218,Certification Driver CLHQ 0218,'+1-555-010-0218,cert.driver.clhq.0218@example.invalid,•••• 0218,,Available,92.00,95.00
CLHQ-D-0219,Certification Driver CLHQ 0219,'+1-555-010-0219,cert.driver.clhq.0219@example.invalid,•••• 0219,,Available,92.00,95.00
CLHQ-D-0220,Certification Driver CLHQ 0220,'+1-555-010-0220,cert.driver.clhq.0220@example.invalid,•••• 0220,,Available,92.00,95.00
CLHQ-D-0221,Certification Driver CLHQ 0221,'+1-555-010-0221,cert.driver.clhq.0221@example.invalid,•••• 0221,,Available,92.00,95.00
CLHQ-D-0222,Certification Driver CLHQ 0222,'+1-555-010-0222,cert.driver.clhq.0222@example.invalid,•••• 0222,,Available,92.00,95.00
CLHQ-D-0223,Certification Driver CLHQ 0223,'+1-555-010-0223,cert.driver.clhq.0223@example.invalid,•••• 0223,,Available,92.00,95.00
CLHQ-D-0224,Certification Driver CLHQ 0224,'+1-555-010-0224,cert.driver.clhq.0224@example.invalid,•••• 0224,,Available,92.00,95.00
CLHQ-D-0225,Certification Driver CLHQ 0225,'+1-555-010-0225,cert.driver.clhq.0225@example.invalid,•••• 0225,,Available,92.00,95.00
CLHQ-D-0226,Certification Driver CLHQ 0226,'+1-555-010-0226,cert.driver.clhq.0226@example.invalid,•••• 0226,,Available,92.00,95.00
CLHQ-D-0227,Certification Driver CLHQ 0227,'+1-555-010-0227,cert.driver.clhq.0227@example.invalid,•••• 0227,,Available,92.00,95.00
CLHQ-D-0228,Certification Driver CLHQ 0228,'+1-555-010-0228,cert.driver.clhq.0228@example.invalid,•••• 0228,,Available,92.00,95.00
CLHQ-D-0229,Certification Driver CLHQ 0229,'+1-555-010-0229,cert.driver.clhq.0229@example.invalid,•••• 0229,,Available,92.00,95.00
CLHQ-D-0230,Certification Driver CLHQ 0230,'+1-555-010-0230,cert.driver.clhq.0230@example.invalid,•••• 0230,,Available,92.00,95.00
CLHQ-D-0231,Certification Driver CLHQ 0231,'+1-555-010-0231,cert.driver.clhq.0231@example.invalid,•••• 0231,,Available,92.00,95.00
CLHQ-D-0232,Certification Driver CLHQ 0232,'+1-555-010-0232,cert.driver.clhq.0232@example.invalid,•••• 0232,,Available,92.00,95.00
CLHQ-D-0233,Certification Driver CLHQ 0233,'+1-555-010-0233,cert.driver.clhq.0233@example.invalid,•••• 0233,,Available,92.00,95.00
CLHQ-D-0234,Certification Driver CLHQ 0234,'+1-555-010-0234,cert.driver.clhq.0234@example.invalid,•••• 0234,,Available,92.00,95.00
CLHQ-D-0235,Certification Driver CLHQ 0235,'+1-555-010-0235,cert.driver.clhq.0235@example.invalid,•••• 0235,,Available,92.00,95.00
CLHQ-D-0236,Certification Driver CLHQ 0236,'+1-555-010-0236,cert.driver.clhq.0236@example.invalid,•••• 0236,,Available,92.00,95.00
CLHQ-D-0237,Certification Driver CLHQ 0237,'+1-555-010-0237,cert.driver.clhq.0237@example.invalid,•••• 0237,,Available,92.00,95.00
CLHQ-D-0238,Certification Driver CLHQ 0238,'+1-555-010-0238,cert.driver.clhq.0238@example.invalid,•••• 0238,,Available,92.00,95.00
CLHQ-D-0239,Certification Driver CLHQ 0239,'+1-555-010-0239,cert.driver.clhq.0239@example.invalid,•••• 0239,,Available,92.00,95.00
CLHQ-D-0240,Certification Driver CLHQ 0240,'+1-555-010-0240,cert.driver.clhq.0240@example.invalid,•••• 0240,,Available,92.00,95.00
CLHQ-D-0241,Certification Driver CLHQ 0241,'+1-555-010-0241,cert.driver.clhq.0241@example.invalid,•••• 0241,,Available,92.00,95.00
CLHQ-D-0242,Certification Driver CLHQ 0242,'+1-555-010-0242,cert.driver.clhq.0242@example.invalid,•••• 0242,,Available,92.00,95.00
CLHQ-D-0243,Certification Driver CLHQ 0243,'+1-555-010-0243,cert.driver.clhq.0243@example.invalid,•••• 0243,,Available,92.00,95.00
CLHQ-D-0244,Certification Driver CLHQ 0244,'+1-555-010-0244,cert.driver.clhq.0244@example.invalid,•••• 0244,,Available,92.00,95.00
CLHQ-D-0245,Certification Driver CLHQ 0245,'+1-555-010-0245,cert.driver.clhq.0245@example.invalid,•••• 0245,,Available,92.00,95.00
CLHQ-D-0246,Certification Driver CLHQ 0246,'+1-555-010-0246,cert.driver.clhq.0246@example.invalid,•••• 0246,,Available,92.00,95.00
CLHQ-D-0247,Certification Driver CLHQ 0247,'+1-555-010-0247,cert.driver.clhq.0247@example.invalid,•••• 0247,,Available,92.00,95.00
CLHQ-D-0248,Certification Driver CLHQ 0248,'+1-555-010-0248,cert.driver.clhq.0248@example.invalid,•••• 0248,,Available,92.00,95.00
CLHQ-D-0249,Certification Driver CLHQ 0249,'+1-555-010-0249,cert.driver.clhq.0249@example.invalid,•••• 0249,,Available,92.00,95.00
CLHQ-D-0250,Certification Driver CLHQ 0250,'+1-555-010-0250,cert.driver.clhq.0250@example.invalid,•••• 0250,,Available,92.00,95.00
NEHUB-D-0001,Certification Driver NEHUB 0001,'+1-555-010-0001,cert.driver.nehub.0001@example.invalid,•••• 0001,,Available,92.00,95.00
NEHUB-D-0002,Certification Driver NEHUB 0002,'+1-555-010-0002,cert.driver.nehub.0002@example.invalid,•••• 0002,,Available,92.00,95.00
NEHUB-D-0003,Certification Driver NEHUB 0003,'+1-555-010-0003,cert.driver.nehub.0003@example.invalid,•••• 0003,,Available,92.00,95.00
NEHUB-D-0004,Certification Driver NEHUB 0004,'+1-555-010-0004,cert.driver.nehub.0004@example.invalid,•••• 0004,,Available,92.00,95.00
NEHUB-D-0005,Certification Driver NEHUB 0005,'+1-555-010-0005,cert.driver.nehub.0005@example.invalid,•••• 0005,,Available,92.00,95.00
NEHUB-D-0006,Certification Driver NEHUB 0006,'+1-555-010-0006,cert.driver.nehub.0006@example.invalid,•••• 0006,,Available,92.00,95.00
NEHUB-D-0007,Certification Driver NEHUB 0007,'+1-555-010-0007,cert.driver.nehub.0007@example.invalid,•••• 0007,,Available,92.00,95.00
NEHUB-D-0008,Certification Driver NEHUB 0008,'+1-555-010-0008,cert.driver.nehub.0008@example.invalid,•••• 0008,,Available,92.00,95.00
NEHUB-D-0009,Certification Driver NEHUB 0009,'+1-555-010-0009,cert.driver.nehub.0009@example.invalid,•••• 0009,,Available,92.00,95.00
NEHUB-D-0010,Certification Driver NEHUB 0010,'+1-555-010-0010,cert.driver.nehub.0010@example.invalid,•••• 0010,,Available,92.00,95.00
NEHUB-D-0011,Certification Driver NEHUB 0011,'+1-555-010-0011,cert.driver.nehub.0011@example.invalid,•••• 0011,,Available,92.00,95.00
NEHUB-D-0012,Certification Driver NEHUB 0012,'+1-555-010-0012,cert.driver.nehub.0012@example.invalid,•••• 0012,,Available,92.00,95.00
NEHUB-D-0013,Certification Driver NEHUB 0013,'+1-555-010-0013,cert.driver.nehub.0013@example.invalid,•••• 0013,,Available,92.00,95.00
NEHUB-D-0014,Certification Driver NEHUB 0014,'+1-555-010-0014,cert.driver.nehub.0014@example.invalid,•••• 0014,,Available,92.00,95.00
NEHUB-D-0015,Certification Driver NEHUB 0015,'+1-555-010-0015,cert.driver.nehub.0015@example.invalid,•••• 0015,,Available,92.00,95.00
NEHUB-D-0016,Certification Driver NEHUB 0016,'+1-555-010-0016,cert.driver.nehub.0016@example.invalid,•••• 0016,,Available,92.00,95.00
NEHUB-D-0017,Certification Driver NEHUB 0017,'+1-555-010-0017,cert.driver.nehub.0017@example.invalid,•••• 0017,,Available,92.00,95.00
NEHUB-D-0018,Certification Driver NEHUB 0018,'+1-555-010-0018,cert.driver.nehub.0018@example.invalid,•••• 0018,,Available,92.00,95.00
NEHUB-D-0019,Certification Driver NEHUB 0019,'+1-555-010-0019,cert.driver.nehub.0019@example.invalid,•••• 0019,,Available,92.00,95.00
NEHUB-D-0020,Certification Driver NEHUB 0020,'+1-555-010-0020,cert.driver.nehub.0020@example.invalid,•••• 0020,,Available,92.00,95.00
NEHUB-D-0021,Certification Driver NEHUB 0021,'+1-555-010-0021,cert.driver.nehub.0021@example.invalid,•••• 0021,,Available,92.00,95.00
NEHUB-D-0022,Certification Driver NEHUB 0022,'+1-555-010-0022,cert.driver.nehub.0022@example.invalid,•••• 0022,,Available,92.00,95.00
NEHUB-D-0023,Certification Driver NEHUB 0023,'+1-555-010-0023,cert.driver.nehub.0023@example.invalid,•••• 0023,,Available,92.00,95.00
NEHUB-D-0024,Certification Driver NEHUB 0024,'+1-555-010-0024,cert.driver.nehub.0024@example.invalid,•••• 0024,,Available,92.00,95.00
NEHUB-D-0025,Certification Driver NEHUB 0025,'+1-555-010-0025,cert.driver.nehub.0025@example.invalid,•••• 0025,,Available,92.00,95.00
NEHUB-D-0026,Certification Driver NEHUB 0026,'+1-555-010-0026,cert.driver.nehub.0026@example.invalid,•••• 0026,,Available,92.00,95.00
NEHUB-D-0027,Certification Driver NEHUB 0027,'+1-555-010-0027,cert.driver.nehub.0027@example.invalid,•••• 0027,,Available,92.00,95.00
NEHUB-D-0028,Certification Driver NEHUB 0028,'+1-555-010-0028,cert.driver.nehub.0028@example.invalid,•••• 0028,,Available,92.00,95.00
NEHUB-D-0029,Certification Driver NEHUB 0029,'+1-555-010-0029,cert.driver.nehub.0029@example.invalid,•••• 0029,,Available,92.00,95.00
NEHUB-D-0030,Certification Driver NEHUB 0030,'+1-555-010-0030,cert.driver.nehub.0030@example.invalid,•••• 0030,,Available,92.00,95.00
NEHUB-D-0031,Certification Driver NEHUB 0031,'+1-555-010-0031,cert.driver.nehub.0031@example.invalid,•••• 0031,,Available,92.00,95.00
NEHUB-D-0032,Certification Driver NEHUB 0032,'+1-555-010-0032,cert.driver.nehub.0032@example.invalid,•••• 0032,,Available,92.00,95.00
NEHUB-D-0033,Certification Driver NEHUB 0033,'+1-555-010-0033,cert.driver.nehub.0033@example.invalid,•••• 0033,,Available,92.00,95.00
NEHUB-D-0034,Certification Driver NEHUB 0034,'+1-555-010-0034,cert.driver.nehub.0034@example.invalid,•••• 0034,,Available,92.00,95.00
NEHUB-D-0035,Certification Driver NEHUB 0035,'+1-555-010-0035,cert.driver.nehub.0035@example.invalid,•••• 0035,,Available,92.00,95.00
NEHUB-D-0036,Certification Driver NEHUB 0036,'+1-555-010-0036,cert.driver.nehub.0036@example.invalid,•••• 0036,,Available,92.00,95.00
NEHUB-D-0037,Certification Driver NEHUB 0037,'+1-555-010-0037,cert.driver.nehub.0037@example.invalid,•••• 0037,,Available,92.00,95.00
NEHUB-D-0038,Certification Driver NEHUB 0038,'+1-555-010-0038,cert.driver.nehub.0038@example.invalid,•••• 0038,,Available,92.00,95.00
NEHUB-D-0039,Certification Driver NEHUB 0039,'+1-555-010-0039,cert.driver.nehub.0039@example.invalid,•••• 0039,,Available,92.00,95.00
NEHUB-D-0040,Certification Driver NEHUB 0040,'+1-555-010-0040,cert.driver.nehub.0040@example.invalid,•••• 0040,,Available,92.00,95.00
NEHUB-D-0041,Certification Driver NEHUB 0041,'+1-555-010-0041,cert.driver.nehub.0041@example.invalid,•••• 0041,,Available,92.00,95.00
NEHUB-D-0042,Certification Driver NEHUB 0042,'+1-555-010-0042,cert.driver.nehub.0042@example.invalid,•••• 0042,,Available,92.00,95.00
NEHUB-D-0043,Certification Driver NEHUB 0043,'+1-555-010-0043,cert.driver.nehub.0043@example.invalid,•••• 0043,,Available,92.00,95.00
NEHUB-D-0044,Certification Driver NEHUB 0044,'+1-555-010-0044,cert.driver.nehub.0044@example.invalid,•••• 0044,,Available,92.00,95.00
NEHUB-D-0045,Certification Driver NEHUB 0045,'+1-555-010-0045,cert.driver.nehub.0045@example.invalid,•••• 0045,,Available,92.00,95.00
NEHUB-D-0046,Certification Driver NEHUB 0046,'+1-555-010-0046,cert.driver.nehub.0046@example.invalid,•••• 0046,,Available,92.00,95.00
NEHUB-D-0047,Certification Driver NEHUB 0047,'+1-555-010-0047,cert.driver.nehub.0047@example.invalid,•••• 0047,,Available,92.00,95.00
NEHUB-D-0048,Certification Driver NEHUB 0048,'+1-555-010-0048,cert.driver.nehub.0048@example.invalid,•••• 0048,,Available,92.00,95.00
NEHUB-D-0049,Certification Driver NEHUB 0049,'+1-555-010-0049,cert.driver.nehub.0049@example.invalid,•••• 0049,,Available,92.00,95.00
NEHUB-D-0050,Certification Driver NEHUB 0050,'+1-555-010-0050,cert.driver.nehub.0050@example.invalid,•••• 0050,,Available,92.00,95.00
NEHUB-D-0051,Certification Driver NEHUB 0051,'+1-555-010-0051,cert.driver.nehub.0051@example.invalid,•••• 0051,,Available,92.00,95.00
NEHUB-D-0052,Certification Driver NEHUB 0052,'+1-555-010-0052,cert.driver.nehub.0052@example.invalid,•••• 0052,,Available,92.00,95.00
NEHUB-D-0053,Certification Driver NEHUB 0053,'+1-555-010-0053,cert.driver.nehub.0053@example.invalid,•••• 0053,,Available,92.00,95.00
NEHUB-D-0054,Certification Driver NEHUB 0054,'+1-555-010-0054,cert.driver.nehub.0054@example.invalid,•••• 0054,,Available,92.00,95.00
NEHUB-D-0055,Certification Driver NEHUB 0055,'+1-555-010-0055,cert.driver.nehub.0055@example.invalid,•••• 0055,,Available,92.00,95.00
NEHUB-D-0056,Certification Driver NEHUB 0056,'+1-555-010-0056,cert.driver.nehub.0056@example.invalid,•••• 0056,,Available,92.00,95.00
NEHUB-D-0057,Certification Driver NEHUB 0057,'+1-555-010-0057,cert.driver.nehub.0057@example.invalid,•••• 0057,,Available,92.00,95.00
NEHUB-D-0058,Certification Driver NEHUB 0058,'+1-555-010-0058,cert.driver.nehub.0058@example.invalid,•••• 0058,,Available,92.00,95.00
NEHUB-D-0059,Certification Driver NEHUB 0059,'+1-555-010-0059,cert.driver.nehub.0059@example.invalid,•••• 0059,,Available,92.00,95.00
NEHUB-D-0060,Certification Driver NEHUB 0060,'+1-555-010-0060,cert.driver.nehub.0060@example.invalid,•••• 0060,,Available,92.00,95.00
NEHUB-D-0061,Certification Driver NEHUB 0061,'+1-555-010-0061,cert.driver.nehub.0061@example.invalid,•••• 0061,,Available,92.00,95.00
NEHUB-D-0062,Certification Driver NEHUB 0062,'+1-555-010-0062,cert.driver.nehub.0062@example.invalid,•••• 0062,,Available,92.00,95.00
NEHUB-D-0063,Certification Driver NEHUB 0063,'+1-555-010-0063,cert.driver.nehub.0063@example.invalid,•••• 0063,,Available,92.00,95.00
NEHUB-D-0064,Certification Driver NEHUB 0064,'+1-555-010-0064,cert.driver.nehub.0064@example.invalid,•••• 0064,,Available,92.00,95.00
NEHUB-D-0065,Certification Driver NEHUB 0065,'+1-555-010-0065,cert.driver.nehub.0065@example.invalid,•••• 0065,,Available,92.00,95.00
NEHUB-D-0066,Certification Driver NEHUB 0066,'+1-555-010-0066,cert.driver.nehub.0066@example.invalid,•••• 0066,,Available,92.00,95.00
NEHUB-D-0067,Certification Driver NEHUB 0067,'+1-555-010-0067,cert.driver.nehub.0067@example.invalid,•••• 0067,,Available,92.00,95.00
NEHUB-D-0068,Certification Driver NEHUB 0068,'+1-555-010-0068,cert.driver.nehub.0068@example.invalid,•••• 0068,,Available,92.00,95.00
NEHUB-D-0069,Certification Driver NEHUB 0069,'+1-555-010-0069,cert.driver.nehub.0069@example.invalid,•••• 0069,,Available,92.00,95.00
NEHUB-D-0070,Certification Driver NEHUB 0070,'+1-555-010-0070,cert.driver.nehub.0070@example.invalid,•••• 0070,,Available,92.00,95.00
NEHUB-D-0071,Certification Driver NEHUB 0071,'+1-555-010-0071,cert.driver.nehub.0071@example.invalid,•••• 0071,,Available,92.00,95.00
NEHUB-D-0072,Certification Driver NEHUB 0072,'+1-555-010-0072,cert.driver.nehub.0072@example.invalid,•••• 0072,,Available,92.00,95.00
NEHUB-D-0073,Certification Driver NEHUB 0073,'+1-555-010-0073,cert.driver.nehub.0073@example.invalid,•••• 0073,,Available,92.00,95.00
NEHUB-D-0074,Certification Driver NEHUB 0074,'+1-555-010-0074,cert.driver.nehub.0074@example.invalid,•••• 0074,,Available,92.00,95.00
NEHUB-D-0075,Certification Driver NEHUB 0075,'+1-555-010-0075,cert.driver.nehub.0075@example.invalid,•••• 0075,,Available,92.00,95.00
NEHUB-D-0076,Certification Driver NEHUB 0076,'+1-555-010-0076,cert.driver.nehub.0076@example.invalid,•••• 0076,,Available,92.00,95.00
NEHUB-D-0077,Certification Driver NEHUB 0077,'+1-555-010-0077,cert.driver.nehub.0077@example.invalid,•••• 0077,,Available,92.00,95.00
NEHUB-D-0078,Certification Driver NEHUB 0078,'+1-555-010-0078,cert.driver.nehub.0078@example.invalid,•••• 0078,,Available,92.00,95.00
NEHUB-D-0079,Certification Driver NEHUB 0079,'+1-555-010-0079,cert.driver.nehub.0079@example.invalid,•••• 0079,,Available,92.00,95.00
NEHUB-D-0080,Certification Driver NEHUB 0080,'+1-555-010-0080,cert.driver.nehub.0080@example.invalid,•••• 0080,,Available,92.00,95.00
NEHUB-D-0081,Certification Driver NEHUB 0081,'+1-555-010-0081,cert.driver.nehub.0081@example.invalid,•••• 0081,,Available,92.00,95.00
NEHUB-D-0082,Certification Driver NEHUB 0082,'+1-555-010-0082,cert.driver.nehub.0082@example.invalid,•••• 0082,,Available,92.00,95.00
NEHUB-D-0083,Certification Driver NEHUB 0083,'+1-555-010-0083,cert.driver.nehub.0083@example.invalid,•••• 0083,,Available,92.00,95.00
NEHUB-D-0084,Certification Driver NEHUB 0084,'+1-555-010-0084,cert.driver.nehub.0084@example.invalid,•••• 0084,,Available,92.00,95.00
NEHUB-D-0085,Certification Driver NEHUB 0085,'+1-555-010-0085,cert.driver.nehub.0085@example.invalid,•••• 0085,,Available,92.00,95.00
NEHUB-D-0086,Certification Driver NEHUB 0086,'+1-555-010-0086,cert.driver.nehub.0086@example.invalid,•••• 0086,,Available,92.00,95.00
NEHUB-D-0087,Certification Driver NEHUB 0087,'+1-555-010-0087,cert.driver.nehub.0087@example.invalid,•••• 0087,,Available,92.00,95.00
NEHUB-D-0088,Certification Driver NEHUB 0088,'+1-555-010-0088,cert.driver.nehub.0088@example.invalid,•••• 0088,,Available,92.00,95.00
NEHUB-D-0089,Certification Driver NEHUB 0089,'+1-555-010-0089,cert.driver.nehub.0089@example.invalid,•••• 0089,,Available,92.00,95.00
NEHUB-D-0090,Certification Driver NEHUB 0090,'+1-555-010-0090,cert.driver.nehub.0090@example.invalid,•••• 0090,,Available,92.00,95.00
NEHUB-D-0091,Certification Driver NEHUB 0091,'+1-555-010-0091,cert.driver.nehub.0091@example.invalid,•••• 0091,,Available,92.00,95.00
NEHUB-D-0092,Certification Driver NEHUB 0092,'+1-555-010-0092,cert.driver.nehub.0092@example.invalid,•••• 0092,,Available,92.00,95.00
NEHUB-D-0093,Certification Driver NEHUB 0093,'+1-555-010-0093,cert.driver.nehub.0093@example.invalid,•••• 0093,,Available,92.00,95.00
NEHUB-D-0094,Certification Driver NEHUB 0094,'+1-555-010-0094,cert.driver.nehub.0094@example.invalid,•••• 0094,,Available,92.00,95.00
NEHUB-D-0095,Certification Driver NEHUB 0095,'+1-555-010-0095,cert.driver.nehub.0095@example.invalid,•••• 0095,,Available,92.00,95.00
NEHUB-D-0096,Certification Driver NEHUB 0096,'+1-555-010-0096,cert.driver.nehub.0096@example.invalid,•••• 0096,,Available,92.00,95.00
NEHUB-D-0097,Certification Driver NEHUB 0097,'+1-555-010-0097,cert.driver.nehub.0097@example.invalid,•••• 0097,,Available,92.00,95.00
NEHUB-D-0098,Certification Driver NEHUB 0098,'+1-555-010-0098,cert.driver.nehub.0098@example.invalid,•••• 0098,,Available,92.00,95.00
NEHUB-D-0099,Certification Driver NEHUB 0099,'+1-555-010-0099,cert.driver.nehub.0099@example.invalid,•••• 0099,,Available,92.00,95.00
NEHUB-D-0100,Certification Driver NEHUB 0100,'+1-555-010-0100,cert.driver.nehub.0100@example.invalid,•••• 0100,,Available,92.00,95.00
NEHUB-D-0101,Certification Driver NEHUB 0101,'+1-555-010-0101,cert.driver.nehub.0101@example.invalid,•••• 0101,,Available,92.00,95.00
NEHUB-D-0102,Certification Driver NEHUB 0102,'+1-555-010-0102,cert.driver.nehub.0102@example.invalid,•••• 0102,,Available,92.00,95.00
NEHUB-D-0103,Certification Driver NEHUB 0103,'+1-555-010-0103,cert.driver.nehub.0103@example.invalid,•••• 0103,,Available,92.00,95.00
NEHUB-D-0104,Certification Driver NEHUB 0104,'+1-555-010-0104,cert.driver.nehub.0104@example.invalid,•••• 0104,,Available,92.00,95.00
NEHUB-D-0105,Certification Driver NEHUB 0105,'+1-555-010-0105,cert.driver.nehub.0105@example.invalid,•••• 0105,,Available,92.00,95.00
NEHUB-D-0106,Certification Driver NEHUB 0106,'+1-555-010-0106,cert.driver.nehub.0106@example.invalid,•••• 0106,,Available,92.00,95.00
NEHUB-D-0107,Certification Driver NEHUB 0107,'+1-555-010-0107,cert.driver.nehub.0107@example.invalid,•••• 0107,,Available,92.00,95.00
NEHUB-D-0108,Certification Driver NEHUB 0108,'+1-555-010-0108,cert.driver.nehub.0108@example.invalid,•••• 0108,,Available,92.00,95.00
NEHUB-D-0109,Certification Driver NEHUB 0109,'+1-555-010-0109,cert.driver.nehub.0109@example.invalid,•••• 0109,,Available,92.00,95.00
NEHUB-D-0110,Certification Driver NEHUB 0110,'+1-555-010-0110,cert.driver.nehub.0110@example.invalid,•••• 0110,,Available,92.00,95.00
NEHUB-D-0111,Certification Driver NEHUB 0111,'+1-555-010-0111,cert.driver.nehub.0111@example.invalid,•••• 0111,,Available,92.00,95.00
NEHUB-D-0112,Certification Driver NEHUB 0112,'+1-555-010-0112,cert.driver.nehub.0112@example.invalid,•••• 0112,,Available,92.00,95.00
NEHUB-D-0113,Certification Driver NEHUB 0113,'+1-555-010-0113,cert.driver.nehub.0113@example.invalid,•••• 0113,,Available,92.00,95.00
NEHUB-D-0114,Certification Driver NEHUB 0114,'+1-555-010-0114,cert.driver.nehub.0114@example.invalid,•••• 0114,,Available,92.00,95.00
NEHUB-D-0115,Certification Driver NEHUB 0115,'+1-555-010-0115,cert.driver.nehub.0115@example.invalid,•••• 0115,,Available,92.00,95.00
NEHUB-D-0116,Certification Driver NEHUB 0116,'+1-555-010-0116,cert.driver.nehub.0116@example.invalid,•••• 0116,,Available,92.00,95.00
NEHUB-D-0117,Certification Driver NEHUB 0117,'+1-555-010-0117,cert.driver.nehub.0117@example.invalid,•••• 0117,,Available,92.00,95.00
NEHUB-D-0118,Certification Driver NEHUB 0118,'+1-555-010-0118,cert.driver.nehub.0118@example.invalid,•••• 0118,,Available,92.00,95.00
NEHUB-D-0119,Certification Driver NEHUB 0119,'+1-555-010-0119,cert.driver.nehub.0119@example.invalid,•••• 0119,,Available,92.00,95.00
NEHUB-D-0120,Certification Driver NEHUB 0120,'+1-555-010-0120,cert.driver.nehub.0120@example.invalid,•••• 0120,,Available,92.00,95.00
NEHUB-D-0121,Certification Driver NEHUB 0121,'+1-555-010-0121,cert.driver.nehub.0121@example.invalid,•••• 0121,,Available,92.00,95.00
NEHUB-D-0122,Certification Driver NEHUB 0122,'+1-555-010-0122,cert.driver.nehub.0122@example.invalid,•••• 0122,,Available,92.00,95.00
NEHUB-D-0123,Certification Driver NEHUB 0123,'+1-555-010-0123,cert.driver.nehub.0123@example.invalid,•••• 0123,,Available,92.00,95.00
NEHUB-D-0124,Certification Driver NEHUB 0124,'+1-555-010-0124,cert.driver.nehub.0124@example.invalid,•••• 0124,,Available,92.00,95.00
NEHUB-D-0125,Certification Driver NEHUB 0125,'+1-555-010-0125,cert.driver.nehub.0125@example.invalid,•••• 0125,,Available,92.00,95.00
NEHUB-D-0126,Certification Driver NEHUB 0126,'+1-555-010-0126,cert.driver.nehub.0126@example.invalid,•••• 0126,,Available,92.00,95.00
NEHUB-D-0127,Certification Driver NEHUB 0127,'+1-555-010-0127,cert.driver.nehub.0127@example.invalid,•••• 0127,,Available,92.00,95.00
NEHUB-D-0128,Certification Driver NEHUB 0128,'+1-555-010-0128,cert.driver.nehub.0128@example.invalid,•••• 0128,,Available,92.00,95.00
NEHUB-D-0129,Certification Driver NEHUB 0129,'+1-555-010-0129,cert.driver.nehub.0129@example.invalid,•••• 0129,,Available,92.00,95.00
NEHUB-D-0130,Certification Driver NEHUB 0130,'+1-555-010-0130,cert.driver.nehub.0130@example.invalid,•••• 0130,,Available,92.00,95.00
NEHUB-D-0131,Certification Driver NEHUB 0131,'+1-555-010-0131,cert.driver.nehub.0131@example.invalid,•••• 0131,,Available,92.00,95.00
NEHUB-D-0132,Certification Driver NEHUB 0132,'+1-555-010-0132,cert.driver.nehub.0132@example.invalid,•••• 0132,,Available,92.00,95.00
NEHUB-D-0133,Certification Driver NEHUB 0133,'+1-555-010-0133,cert.driver.nehub.0133@example.invalid,•••• 0133,,Available,92.00,95.00
NEHUB-D-0134,Certification Driver NEHUB 0134,'+1-555-010-0134,cert.driver.nehub.0134@example.invalid,•••• 0134,,Available,92.00,95.00
NEHUB-D-0135,Certification Driver NEHUB 0135,'+1-555-010-0135,cert.driver.nehub.0135@example.invalid,•••• 0135,,Available,92.00,95.00
NEHUB-D-0136,Certification Driver NEHUB 0136,'+1-555-010-0136,cert.driver.nehub.0136@example.invalid,•••• 0136,,Available,92.00,95.00
NEHUB-D-0137,Certification Driver NEHUB 0137,'+1-555-010-0137,cert.driver.nehub.0137@example.invalid,•••• 0137,,Available,92.00,95.00
NEHUB-D-0138,Certification Driver NEHUB 0138,'+1-555-010-0138,cert.driver.nehub.0138@example.invalid,•••• 0138,,Available,92.00,95.00
NEHUB-D-0139,Certification Driver NEHUB 0139,'+1-555-010-0139,cert.driver.nehub.0139@example.invalid,•••• 0139,,Available,92.00,95.00
NEHUB-D-0140,Certification Driver NEHUB 0140,'+1-555-010-0140,cert.driver.nehub.0140@example.invalid,•••• 0140,,Available,92.00,95.00
NEHUB-D-0141,Certification Driver NEHUB 0141,'+1-555-010-0141,cert.driver.nehub.0141@example.invalid,•••• 0141,,Available,92.00,95.00
NEHUB-D-0142,Certification Driver NEHUB 0142,'+1-555-010-0142,cert.driver.nehub.0142@example.invalid,•••• 0142,,Available,92.00,95.00
NEHUB-D-0143,Certification Driver NEHUB 0143,'+1-555-010-0143,cert.driver.nehub.0143@example.invalid,•••• 0143,,Available,92.00,95.00
NEHUB-D-0144,Certification Driver NEHUB 0144,'+1-555-010-0144,cert.driver.nehub.0144@example.invalid,•••• 0144,,Available,92.00,95.00
NEHUB-D-0145,Certification Driver NEHUB 0145,'+1-555-010-0145,cert.driver.nehub.0145@example.invalid,•••• 0145,,Available,92.00,95.00
NEHUB-D-0146,Certification Driver NEHUB 0146,'+1-555-010-0146,cert.driver.nehub.0146@example.invalid,•••• 0146,,Available,92.00,95.00
NEHUB-D-0147,Certification Driver NEHUB 0147,'+1-555-010-0147,cert.driver.nehub.0147@example.invalid,•••• 0147,,Available,92.00,95.00
NEHUB-D-0148,Certification Driver NEHUB 0148,'+1-555-010-0148,cert.driver.nehub.0148@example.invalid,•••• 0148,,Available,92.00,95.00
NEHUB-D-0149,Certification Driver NEHUB 0149,'+1-555-010-0149,cert.driver.nehub.0149@example.invalid,•••• 0149,,Available,92.00,95.00
NEHUB-D-0150,Certification Driver NEHUB 0150,'+1-555-010-0150,cert.driver.nehub.0150@example.invalid,•••• 0150,,Available,92.00,95.00
NEHUB-D-0151,Certification Driver NEHUB 0151,'+1-555-010-0151,cert.driver.nehub.0151@example.invalid,•••• 0151,,Available,92.00,95.00
NEHUB-D-0152,Certification Driver NEHUB 0152,'+1-555-010-0152,cert.driver.nehub.0152@example.invalid,•••• 0152,,Available,92.00,95.00
NEHUB-D-0153,Certification Driver NEHUB 0153,'+1-555-010-0153,cert.driver.nehub.0153@example.invalid,•••• 0153,,Available,92.00,95.00
NEHUB-D-0154,Certification Driver NEHUB 0154,'+1-555-010-0154,cert.driver.nehub.0154@example.invalid,•••• 0154,,Available,92.00,95.00
NEHUB-D-0155,Certification Driver NEHUB 0155,'+1-555-010-0155,cert.driver.nehub.0155@example.invalid,•••• 0155,,Available,92.00,95.00
NEHUB-D-0156,Certification Driver NEHUB 0156,'+1-555-010-0156,cert.driver.nehub.0156@example.invalid,•••• 0156,,Available,92.00,95.00
NEHUB-D-0157,Certification Driver NEHUB 0157,'+1-555-010-0157,cert.driver.nehub.0157@example.invalid,•••• 0157,,Available,92.00,95.00
NEHUB-D-0158,Certification Driver NEHUB 0158,'+1-555-010-0158,cert.driver.nehub.0158@example.invalid,•••• 0158,,Available,92.00,95.00
NEHUB-D-0159,Certification Driver NEHUB 0159,'+1-555-010-0159,cert.driver.nehub.0159@example.invalid,•••• 0159,,Available,92.00,95.00
NEHUB-D-0160,Certification Driver NEHUB 0160,'+1-555-010-0160,cert.driver.nehub.0160@example.invalid,•••• 0160,,Available,92.00,95.00
NEHUB-D-0161,Certification Driver NEHUB 0161,'+1-555-010-0161,cert.driver.nehub.0161@example.invalid,•••• 0161,,Available,92.00,95.00
NEHUB-D-0162,Certification Driver NEHUB 0162,'+1-555-010-0162,cert.driver.nehub.0162@example.invalid,•••• 0162,,Available,92.00,95.00
NEHUB-D-0163,Certification Driver NEHUB 0163,'+1-555-010-0163,cert.driver.nehub.0163@example.invalid,•••• 0163,,Available,92.00,95.00
NEHUB-D-0164,Certification Driver NEHUB 0164,'+1-555-010-0164,cert.driver.nehub.0164@example.invalid,•••• 0164,,Available,92.00,95.00
NEHUB-D-0165,Certification Driver NEHUB 0165,'+1-555-010-0165,cert.driver.nehub.0165@example.invalid,•••• 0165,,Available,92.00,95.00
NEHUB-D-0166,Certification Driver NEHUB 0166,'+1-555-010-0166,cert.driver.nehub.0166@example.invalid,•••• 0166,,Available,92.00,95.00
NEHUB-D-0167,Certification Driver NEHUB 0167,'+1-555-010-0167,cert.driver.nehub.0167@example.invalid,•••• 0167,,Available,92.00,95.00
NEHUB-D-0168,Certification Driver NEHUB 0168,'+1-555-010-0168,cert.driver.nehub.0168@example.invalid,•••• 0168,,Available,92.00,95.00
NEHUB-D-0169,Certification Driver NEHUB 0169,'+1-555-010-0169,cert.driver.nehub.0169@example.invalid,•••• 0169,,Available,92.00,95.00
NEHUB-D-0170,Certification Driver NEHUB 0170,'+1-555-010-0170,cert.driver.nehub.0170@example.invalid,•••• 0170,,Available,92.00,95.00
NEHUB-D-0171,Certification Driver NEHUB 0171,'+1-555-010-0171,cert.driver.nehub.0171@example.invalid,•••• 0171,,Available,92.00,95.00
NEHUB-D-0172,Certification Driver NEHUB 0172,'+1-555-010-0172,cert.driver.nehub.0172@example.invalid,•••• 0172,,Available,92.00,95.00
NEHUB-D-0173,Certification Driver NEHUB 0173,'+1-555-010-0173,cert.driver.nehub.0173@example.invalid,•••• 0173,,Available,92.00,95.00
NEHUB-D-0174,Certification Driver NEHUB 0174,'+1-555-010-0174,cert.driver.nehub.0174@example.invalid,•••• 0174,,Available,92.00,95.00
NEHUB-D-0175,Certification Driver NEHUB 0175,'+1-555-010-0175,cert.driver.nehub.0175@example.invalid,•••• 0175,,Available,92.00,95.00
NEHUB-D-0176,Certification Driver NEHUB 0176,'+1-555-010-0176,cert.driver.nehub.0176@example.invalid,•••• 0176,,Available,92.00,95.00
NEHUB-D-0177,Certification Driver NEHUB 0177,'+1-555-010-0177,cert.driver.nehub.0177@example.invalid,•••• 0177,,Available,92.00,95.00
NEHUB-D-0178,Certification Driver NEHUB 0178,'+1-555-010-0178,cert.driver.nehub.0178@example.invalid,•••• 0178,,Available,92.00,95.00
NEHUB-D-0179,Certification Driver NEHUB 0179,'+1-555-010-0179,cert.driver.nehub.0179@example.invalid,•••• 0179,,Available,92.00,95.00
NEHUB-D-0180,Certification Driver NEHUB 0180,'+1-555-010-0180,cert.driver.nehub.0180@example.invalid,•••• 0180,,Available,92.00,95.00
NEHUB-D-0181,Certification Driver NEHUB 0181,'+1-555-010-0181,cert.driver.nehub.0181@example.invalid,•••• 0181,,Available,92.00,95.00
NEHUB-D-0182,Certification Driver NEHUB 0182,'+1-555-010-0182,cert.driver.nehub.0182@example.invalid,•••• 0182,,Available,92.00,95.00
NEHUB-D-0183,Certification Driver NEHUB 0183,'+1-555-010-0183,cert.driver.nehub.0183@example.invalid,•••• 0183,,Available,92.00,95.00
NEHUB-D-0184,Certification Driver NEHUB 0184,'+1-555-010-0184,cert.driver.nehub.0184@example.invalid,•••• 0184,,Available,92.00,95.00
NEHUB-D-0185,Certification Driver NEHUB 0185,'+1-555-010-0185,cert.driver.nehub.0185@example.invalid,•••• 0185,,Available,92.00,95.00
NEHUB-D-0186,Certification Driver NEHUB 0186,'+1-555-010-0186,cert.driver.nehub.0186@example.invalid,•••• 0186,,Available,92.00,95.00
NEHUB-D-0187,Certification Driver NEHUB 0187,'+1-555-010-0187,cert.driver.nehub.0187@example.invalid,•••• 0187,,Available,92.00,95.00
NEHUB-D-0188,Certification Driver NEHUB 0188,'+1-555-010-0188,cert.driver.nehub.0188@example.invalid,•••• 0188,,Available,92.00,95.00
NEHUB-D-0189,Certification Driver NEHUB 0189,'+1-555-010-0189,cert.driver.nehub.0189@example.invalid,•••• 0189,,Available,92.00,95.00
NEHUB-D-0190,Certification Driver NEHUB 0190,'+1-555-010-0190,cert.driver.nehub.0190@example.invalid,•••• 0190,,Available,92.00,95.00
NEHUB-D-0191,Certification Driver NEHUB 0191,'+1-555-010-0191,cert.driver.nehub.0191@example.invalid,•••• 0191,,Available,92.00,95.00
NEHUB-D-0192,Certification Driver NEHUB 0192,'+1-555-010-0192,cert.driver.nehub.0192@example.invalid,•••• 0192,,Available,92.00,95.00
NEHUB-D-0193,Certification Driver NEHUB 0193,'+1-555-010-0193,cert.driver.nehub.0193@example.invalid,•••• 0193,,Available,92.00,95.00
NEHUB-D-0194,Certification Driver NEHUB 0194,'+1-555-010-0194,cert.driver.nehub.0194@example.invalid,•••• 0194,,Available,92.00,95.00
NEHUB-D-0195,Certification Driver NEHUB 0195,'+1-555-010-0195,cert.driver.nehub.0195@example.invalid,•••• 0195,,Available,92.00,95.00
NEHUB-D-0196,Certification Driver NEHUB 0196,'+1-555-010-0196,cert.driver.nehub.0196@example.invalid,•••• 0196,,Available,92.00,95.00
NEHUB-D-0197,Certification Driver NEHUB 0197,'+1-555-010-0197,cert.driver.nehub.0197@example.invalid,•••• 0197,,Available,92.00,95.00
NEHUB-D-0198,Certification Driver NEHUB 0198,'+1-555-010-0198,cert.driver.nehub.0198@example.invalid,•••• 0198,,Available,92.00,95.00
NEHUB-D-0199,Certification Driver NEHUB 0199,'+1-555-010-0199,cert.driver.nehub.0199@example.invalid,•••• 0199,,Available,92.00,95.00
NEHUB-D-0200,Certification Driver NEHUB 0200,'+1-555-010-0200,cert.driver.nehub.0200@example.invalid,•••• 0200,,Available,92.00,95.00
NEHUB-D-0201,Certification Driver NEHUB 0201,'+1-555-010-0201,cert.driver.nehub.0201@example.invalid,•••• 0201,,Available,92.00,95.00
NEHUB-D-0202,Certification Driver NEHUB 0202,'+1-555-010-0202,cert.driver.nehub.0202@example.invalid,•••• 0202,,Available,92.00,95.00
NEHUB-D-0203,Certification Driver NEHUB 0203,'+1-555-010-0203,cert.driver.nehub.0203@example.invalid,•••• 0203,,Available,92.00,95.00
NEHUB-D-0204,Certification Driver NEHUB 0204,'+1-555-010-0204,cert.driver.nehub.0204@example.invalid,•••• 0204,,Available,92.00,95.00
NEHUB-D-0205,Certification Driver NEHUB 0205,'+1-555-010-0205,cert.driver.nehub.0205@example.invalid,•••• 0205,,Available,92.00,95.00
NEHUB-D-0206,Certification Driver NEHUB 0206,'+1-555-010-0206,cert.driver.nehub.0206@example.invalid,•••• 0206,,Available,92.00,95.00
NEHUB-D-0207,Certification Driver NEHUB 0207,'+1-555-010-0207,cert.driver.nehub.0207@example.invalid,•••• 0207,,Available,92.00,95.00
NEHUB-D-0208,Certification Driver NEHUB 0208,'+1-555-010-0208,cert.driver.nehub.0208@example.invalid,•••• 0208,,Available,92.00,95.00
NEHUB-D-0209,Certification Driver NEHUB 0209,'+1-555-010-0209,cert.driver.nehub.0209@example.invalid,•••• 0209,,Available,92.00,95.00
NEHUB-D-0210,Certification Driver NEHUB 0210,'+1-555-010-0210,cert.driver.nehub.0210@example.invalid,•••• 0210,,Available,92.00,95.00
NEHUB-D-0211,Certification Driver NEHUB 0211,'+1-555-010-0211,cert.driver.nehub.0211@example.invalid,•••• 0211,,Available,92.00,95.00
NEHUB-D-0212,Certification Driver NEHUB 0212,'+1-555-010-0212,cert.driver.nehub.0212@example.invalid,•••• 0212,,Available,92.00,95.00
NEHUB-D-0213,Certification Driver NEHUB 0213,'+1-555-010-0213,cert.driver.nehub.0213@example.invalid,•••• 0213,,Available,92.00,95.00
NEHUB-D-0214,Certification Driver NEHUB 0214,'+1-555-010-0214,cert.driver.nehub.0214@example.invalid,•••• 0214,,Available,92.00,95.00
NEHUB-D-0215,Certification Driver NEHUB 0215,'+1-555-010-0215,cert.driver.nehub.0215@example.invalid,•••• 0215,,Available,92.00,95.00
NEHUB-D-0216,Certification Driver NEHUB 0216,'+1-555-010-0216,cert.driver.nehub.0216@example.invalid,•••• 0216,,Available,92.00,95.00
NEHUB-D-0217,Certification Driver NEHUB 0217,'+1-555-010-0217,cert.driver.nehub.0217@example.invalid,•••• 0217,,Available,92.00,95.00
NEHUB-D-0218,Certification Driver NEHUB 0218,'+1-555-010-0218,cert.driver.nehub.0218@example.invalid,•••• 0218,,Available,92.00,95.00
NEHUB-D-0219,Certification Driver NEHUB 0219,'+1-555-010-0219,cert.driver.nehub.0219@example.invalid,•••• 0219,,Available,92.00,95.00
NEHUB-D-0220,Certification Driver NEHUB 0220,'+1-555-010-0220,cert.driver.nehub.0220@example.invalid,•••• 0220,,Available,92.00,95.00
NEHUB-D-0221,Certification Driver NEHUB 0221,'+1-555-010-0221,cert.driver.nehub.0221@example.invalid,•••• 0221,,Available,92.00,95.00
NEHUB-D-0222,Certification Driver NEHUB 0222,'+1-555-010-0222,cert.driver.nehub.0222@example.invalid,•••• 0222,,Available,92.00,95.00
NEHUB-D-0223,Certification Driver NEHUB 0223,'+1-555-010-0223,cert.driver.nehub.0223@example.invalid,•••• 0223,,Available,92.00,95.00
NEHUB-D-0224,Certification Driver NEHUB 0224,'+1-555-010-0224,cert.driver.nehub.0224@example.invalid,•••• 0224,,Available,92.00,95.00
NEHUB-D-0225,Certification Driver NEHUB 0225,'+1-555-010-0225,cert.driver.nehub.0225@example.invalid,•••• 0225,,Available,92.00,95.00
NEHUB-D-0226,Certification Driver NEHUB 0226,'+1-555-010-0226,cert.driver.nehub.0226@example.invalid,•••• 0226,,Available,92.00,95.00
NEHUB-D-0227,Certification Driver NEHUB 0227,'+1-555-010-0227,cert.driver.nehub.0227@example.invalid,•••• 0227,,Available,92.00,95.00
NEHUB-D-0228,Certification Driver NEHUB 0228,'+1-555-010-0228,cert.driver.nehub.0228@example.invalid,•••• 0228,,Available,92.00,95.00
NEHUB-D-0229,Certification Driver NEHUB 0229,'+1-555-010-0229,cert.driver.nehub.0229@example.invalid,•••• 0229,,Available,92.00,95.00
NEHUB-D-0230,Certification Driver NEHUB 0230,'+1-555-010-0230,cert.driver.nehub.0230@example.invalid,•••• 0230,,Available,92.00,95.00
NEHUB-D-0231,Certification Driver NEHUB 0231,'+1-555-010-0231,cert.driver.nehub.0231@example.invalid,•••• 0231,,Available,92.00,95.00
NEHUB-D-0232,Certification Driver NEHUB 0232,'+1-555-010-0232,cert.driver.nehub.0232@example.invalid,•••• 0232,,Available,92.00,95.00
NEHUB-D-0233,Certification Driver NEHUB 0233,'+1-555-010-0233,cert.driver.nehub.0233@example.invalid,•••• 0233,,Available,92.00,95.00
NEHUB-D-0234,Certification Driver NEHUB 0234,'+1-555-010-0234,cert.driver.nehub.0234@example.invalid,•••• 0234,,Available,92.00,95.00
NEHUB-D-0235,Certification Driver NEHUB 0235,'+1-555-010-0235,cert.driver.nehub.0235@example.invalid,•••• 0235,,Available,92.00,95.00
NEHUB-D-0236,Certification Driver NEHUB 0236,'+1-555-010-0236,cert.driver.nehub.0236@example.invalid,•••• 0236,,Available,92.00,95.00
NEHUB-D-0237,Certification Driver NEHUB 0237,'+1-555-010-0237,cert.driver.nehub.0237@example.invalid,•••• 0237,,Available,92.00,95.00
NEHUB-D-0238,Certification Driver NEHUB 0238,'+1-555-010-0238,cert.driver.nehub.0238@example.invalid,•••• 0238,,Available,92.00,95.00
NEHUB-D-0239,Certification Driver NEHUB 0239,'+1-555-010-0239,cert.driver.nehub.0239@example.invalid,•••• 0239,,Available,92.00,95.00
NEHUB-D-0240,Certification Driver NEHUB 0240,'+1-555-010-0240,cert.driver.nehub.0240@example.invalid,•••• 0240,,Available,92.00,95.00
NEHUB-D-0241,Certification Driver NEHUB 0241,'+1-555-010-0241,cert.driver.nehub.0241@example.invalid,•••• 0241,,Available,92.00,95.00
NEHUB-D-0242,Certification Driver NEHUB 0242,'+1-555-010-0242,cert.driver.nehub.0242@example.invalid,•••• 0242,,Available,92.00,95.00
NEHUB-D-0243,Certification Driver NEHUB 0243,'+1-555-010-0243,cert.driver.nehub.0243@example.invalid,•••• 0243,,Available,92.00,95.00
NEHUB-D-0244,Certification Driver NEHUB 0244,'+1-555-010-0244,cert.driver.nehub.0244@example.invalid,•••• 0244,,Available,92.00,95.00
NEHUB-D-0245,Certification Driver NEHUB 0245,'+1-555-010-0245,cert.driver.nehub.0245@example.invalid,•••• 0245,,Available,92.00,95.00
NEHUB-D-0246,Certification Driver NEHUB 0246,'+1-555-010-0246,cert.driver.nehub.0246@example.invalid,•••• 0246,,Available,92.00,95.00
NEHUB-D-0247,Certification Driver NEHUB 0247,'+1-555-010-0247,cert.driver.nehub.0247@example.invalid,•••• 0247,,Available,92.00,95.00
NEHUB-D-0248,Certification Driver NEHUB 0248,'+1-555-010-0248,cert.driver.nehub.0248@example.invalid,•••• 0248,,Available,92.00,95.00
NEHUB-D-0249,Certification Driver NEHUB 0249,'+1-555-010-0249,cert.driver.nehub.0249@example.invalid,•••• 0249,,Available,92.00,95.00
NEHUB-D-0250,Certification Driver NEHUB 0250,'+1-555-010-0250,cert.driver.nehub.0250@example.invalid,•••• 0250,,Available,92.00,95.00
