driverCode,branchCode,fullName,phone,email,licenseNumber,status
CLHQ-D-0001,CL-HQ,Certification Driver CLHQ 0001,+1-555-010-0001,cert.driver.clhq.0001@example.invalid,CERT-LIC-CLHQ-0001,Available
CLHQ-D-0002,CL-HQ,Certification Driver CLHQ 0002,+1-555-010-0002,cert.driver.clhq.0002@example.invalid,CERT-LIC-CLHQ-0002,Available
CLHQ-D-0003,CL-HQ,Certification Driver CLHQ 0003,+1-555-010-0003,cert.driver.clhq.0003@example.invalid,CERT-LIC-CLHQ-0003,Available
CLHQ-D-0004,CL-HQ,Certification Driver CLHQ 0004,+1-555-010-0004,cert.driver.clhq.0004@example.invalid,CERT-LIC-CLHQ-0004,Available
CLHQ-D-0005,CL-HQ,Certification Driver CLHQ 0005,+1-555-010-0005,cert.driver.clhq.0005@example.invalid,CERT-LIC-CLHQ-0005,Available
CLHQ-D-0006,CL-HQ,Certification Driver CLHQ 0006,+1-555-010-0006,cert.driver.clhq.0006@example.invalid,CERT-LIC-CLHQ-0006,Available
CLHQ-D-0007,CL-HQ,Certification Driver CLHQ 0007,+1-555-010-0007,cert.driver.clhq.0007@example.invalid,CERT-LIC-CLHQ-0007,Available
CLHQ-D-0008,CL-HQ,Certification Driver CLHQ 0008,+1-555-010-0008,cert.driver.clhq.0008@example.invalid,CERT-LIC-CLHQ-0008,Available
CLHQ-D-0009,CL-HQ,Certification Driver CLHQ 0009,+1-555-010-0009,cert.driver.clhq.0009@example.invalid,CERT-LIC-CLHQ-0009,Available
CLHQ-D-0010,CL-HQ,Certification Driver CLHQ 0010,+1-555-010-0010,cert.driver.clhq.0010@example.invalid,CERT-LIC-CLHQ-0010,Available
CLHQ-D-0011,CL-HQ,Certification Driver CLHQ 0011,+1-555-010-0011,cert.driver.clhq.0011@example.invalid,CERT-LIC-CLHQ-0011,Available
CLHQ-D-0012,CL-HQ,Certification Driver CLHQ 0012,+1-555-010-0012,cert.driver.clhq.0012@example.invalid,CERT-LIC-CLHQ-0012,Available
CLHQ-D-0013,CL-HQ,Certification Driver CLHQ 0013,+1-555-010-0013,cert.driver.clhq.0013@example.invalid,CERT-LIC-CLHQ-0013,Available
CLHQ-D-0014,CL-HQ,Certification Driver CLHQ 0014,+1-555-010-0014,cert.driver.clhq.0014@example.invalid,CERT-LIC-CLHQ-0014,Available
CLHQ-D-0015,CL-HQ,Certification Driver CLHQ 0015,+1-555-010-0015,cert.driver.clhq.0015@example.invalid,CERT-LIC-CLHQ-0015,Available
CLHQ-D-0016,CL-HQ,Certification Driver CLHQ 0016,+1-555-010-0016,cert.driver.clhq.0016@example.invalid,CERT-LIC-CLHQ-0016,Available
CLHQ-D-0017,CL-HQ,Certification Driver CLHQ 0017,+1-555-010-0017,cert.driver.clhq.0017@example.invalid,CERT-LIC-CLHQ-0017,Available
CLHQ-D-0018,CL-HQ,Certification Driver CLHQ 0018,+1-555-010-0018,cert.driver.clhq.0018@example.invalid,CERT-LIC-CLHQ-0018,Available
CLHQ-D-0019,CL-HQ,Certification Driver CLHQ 0019,+1-555-010-0019,cert.driver.clhq.0019@example.invalid,CERT-LIC-CLHQ-0019,Available
CLHQ-D-0020,CL-HQ,Certification Driver CLHQ 0020,+1-555-010-0020,cert.driver.clhq.0020@example.invalid,CERT-LIC-CLHQ-0020,Available
CLHQ-D-0021,CL-HQ,Certification Driver CLHQ 0021,+1-555-010-0021,cert.driver.clhq.0021@example.invalid,CERT-LIC-CLHQ-0021,Available
CLHQ-D-0022,CL-HQ,Certification Driver CLHQ 0022,+1-555-010-0022,cert.driver.clhq.0022@example.invalid,CERT-LIC-CLHQ-0022,Available
CLHQ-D-0023,CL-HQ,Certification Driver CLHQ 0023,+1-555-010-0023,cert.driver.clhq.0023@example.invalid,CERT-LIC-CLHQ-0023,Available
CLHQ-D-0024,CL-HQ,Certification Driver CLHQ 0024,+1-555-010-0024,cert.driver.clhq.0024@example.invalid,CERT-LIC-CLHQ-0024,Available
CLHQ-D-0025,CL-HQ,Certification Driver CLHQ 0025,+1-555-010-0025,cert.driver.clhq.0025@example.invalid,CERT-LIC-CLHQ-0025,Available
CLHQ-D-0026,CL-HQ,Certification Driver CLHQ 0026,+1-555-010-0026,cert.driver.clhq.0026@example.invalid,CERT-LIC-CLHQ-0026,Available
CLHQ-D-0027,CL-HQ,Certification Driver CLHQ 0027,+1-555-010-0027,cert.driver.clhq.0027@example.invalid,CERT-LIC-CLHQ-0027,Available
CLHQ-D-0028,CL-HQ,Certification Driver CLHQ 0028,+1-555-010-0028,cert.driver.clhq.0028@example.invalid,CERT-LIC-CLHQ-0028,Available
CLHQ-D-0029,CL-HQ,Certification Driver CLHQ 0029,+1-555-010-0029,cert.driver.clhq.0029@example.invalid,CERT-LIC-CLHQ-0029,Available
CLHQ-D-0030,CL-HQ,Certification Driver CLHQ 0030,+1-555-010-0030,cert.driver.clhq.0030@example.invalid,CERT-LIC-CLHQ-0030,Available
CLHQ-D-0031,CL-HQ,Certification Driver CLHQ 0031,+1-555-010-0031,cert.driver.clhq.0031@example.invalid,CERT-LIC-CLHQ-0031,Available
CLHQ-D-0032,CL-HQ,Certification Driver CLHQ 0032,+1-555-010-0032,cert.driver.clhq.0032@example.invalid,CERT-LIC-CLHQ-0032,Available
CLHQ-D-0033,CL-HQ,Certification Driver CLHQ 0033,+1-555-010-0033,cert.driver.clhq.0033@example.invalid,CERT-LIC-CLHQ-0033,Available
CLHQ-D-0034,CL-HQ,Certification Driver CLHQ 0034,+1-555-010-0034,cert.driver.clhq.0034@example.invalid,CERT-LIC-CLHQ-0034,Available
CLHQ-D-0035,CL-HQ,Certification Driver CLHQ 0035,+1-555-010-0035,cert.driver.clhq.0035@example.invalid,CERT-LIC-CLHQ-0035,Available
CLHQ-D-0036,CL-HQ,Certification Driver CLHQ 0036,+1-555-010-0036,cert.driver.clhq.0036@example.invalid,CERT-LIC-CLHQ-0036,Available
CLHQ-D-0037,CL-HQ,Certification Driver CLHQ 0037,+1-555-010-0037,cert.driver.clhq.0037@example.invalid,CERT-LIC-CLHQ-0037,Available
CLHQ-D-0038,CL-HQ,Certification Driver CLHQ 0038,+1-555-010-0038,cert.driver.clhq.0038@example.invalid,CERT-LIC-CLHQ-0038,Available
CLHQ-D-0039,CL-HQ,Certification Driver CLHQ 0039,+1-555-010-0039,cert.driver.clhq.0039@example.invalid,CERT-LIC-CLHQ-0039,Available
CLHQ-D-0040,CL-HQ,Certification Driver CLHQ 0040,+1-555-010-0040,cert.driver.clhq.0040@example.invalid,CERT-LIC-CLHQ-0040,Available
CLHQ-D-0041,CL-HQ,Certification Driver CLHQ 0041,+1-555-010-0041,cert.driver.clhq.0041@example.invalid,CERT-LIC-CLHQ-0041,Available
CLHQ-D-0042,CL-HQ,Certification Driver CLHQ 0042,+1-555-010-0042,cert.driver.clhq.0042@example.invalid,CERT-LIC-CLHQ-0042,Available
CLHQ-D-0043,CL-HQ,Certification Driver CLHQ 0043,+1-555-010-0043,cert.driver.clhq.0043@example.invalid,CERT-LIC-CLHQ-0043,Available
CLHQ-D-0044,CL-HQ,Certification Driver CLHQ 0044,+1-555-010-0044,cert.driver.clhq.0044@example.invalid,CERT-LIC-CLHQ-0044,Available
CLHQ-D-0045,CL-HQ,Certification Driver CLHQ 0045,+1-555-010-0045,cert.driver.clhq.0045@example.invalid,CERT-LIC-CLHQ-0045,Available
CLHQ-D-0046,CL-HQ,Certification Driver CLHQ 0046,+1-555-010-0046,cert.driver.clhq.0046@example.invalid,CERT-LIC-CLHQ-0046,Available
CLHQ-D-0047,CL-HQ,Certification Driver CLHQ 0047,+1-555-010-0047,cert.driver.clhq.0047@example.invalid,CERT-LIC-CLHQ-0047,Available
CLHQ-D-0048,CL-HQ,Certification Driver CLHQ 0048,+1-555-010-0048,cert.driver.clhq.0048@example.invalid,CERT-LIC-CLHQ-0048,Available
CLHQ-D-0049,CL-HQ,Certification Driver CLHQ 0049,+1-555-010-0049,cert.driver.clhq.0049@example.invalid,CERT-LIC-CLHQ-0049,Available
CLHQ-D-0050,CL-HQ,Certification Driver CLHQ 0050,+1-555-010-0050,cert.driver.clhq.0050@example.invalid,CERT-LIC-CLHQ-0050,Available
CLHQ-D-0051,CL-HQ,Certification Driver CLHQ 0051,+1-555-010-0051,cert.driver.clhq.0051@example.invalid,CERT-LIC-CLHQ-0051,Available
CLHQ-D-0052,CL-HQ,Certification Driver CLHQ 0052,+1-555-010-0052,cert.driver.clhq.0052@example.invalid,CERT-LIC-CLHQ-0052,Available
CLHQ-D-0053,CL-HQ,Certification Driver CLHQ 0053,+1-555-010-0053,cert.driver.clhq.0053@example.invalid,CERT-LIC-CLHQ-0053,Available
CLHQ-D-0054,CL-HQ,Certification Driver CLHQ 0054,+1-555-010-0054,cert.driver.clhq.0054@example.invalid,CERT-LIC-CLHQ-0054,Available
CLHQ-D-0055,CL-HQ,Certification Driver CLHQ 0055,+1-555-010-0055,cert.driver.clhq.0055@example.invalid,CERT-LIC-CLHQ-0055,Available
CLHQ-D-0056,CL-HQ,Certification Driver CLHQ 0056,+1-555-010-0056,cert.driver.clhq.0056@example.invalid,CERT-LIC-CLHQ-0056,Available
CLHQ-D-0057,CL-HQ,Certification Driver CLHQ 0057,+1-555-010-0057,cert.driver.clhq.0057@example.invalid,CERT-LIC-CLHQ-0057,Available
CLHQ-D-0058,CL-HQ,Certification Driver CLHQ 0058,+1-555-010-0058,cert.driver.clhq.0058@example.invalid,CERT-LIC-CLHQ-0058,Available
CLHQ-D-0059,CL-HQ,Certification Driver CLHQ 0059,+1-555-010-0059,cert.driver.clhq.0059@example.invalid,CERT-LIC-CLHQ-0059,Available
CLHQ-D-0060,CL-HQ,Certification Driver CLHQ 0060,+1-555-010-0060,cert.driver.clhq.0060@example.invalid,CERT-LIC-CLHQ-0060,Available
CLHQ-D-0061,CL-HQ,Certification Driver CLHQ 0061,+1-555-010-0061,cert.driver.clhq.0061@example.invalid,CERT-LIC-CLHQ-0061,Available
CLHQ-D-0062,CL-HQ,Certification Driver CLHQ 0062,+1-555-010-0062,cert.driver.clhq.0062@example.invalid,CERT-LIC-CLHQ-0062,Available
CLHQ-D-0063,CL-HQ,Certification Driver CLHQ 0063,+1-555-010-0063,cert.driver.clhq.0063@example.invalid,CERT-LIC-CLHQ-0063,Available
CLHQ-D-0064,CL-HQ,Certification Driver CLHQ 0064,+1-555-010-0064,cert.driver.clhq.0064@example.invalid,CERT-LIC-CLHQ-0064,Available
CLHQ-D-0065,CL-HQ,Certification Driver CLHQ 0065,+1-555-010-0065,cert.driver.clhq.0065@example.invalid,CERT-LIC-CLHQ-0065,Available
CLHQ-D-0066,CL-HQ,Certification Driver CLHQ 0066,+1-555-010-0066,cert.driver.clhq.0066@example.invalid,CERT-LIC-CLHQ-0066,Available
CLHQ-D-0067,CL-HQ,Certification Driver CLHQ 0067,+1-555-010-0067,cert.driver.clhq.0067@example.invalid,CERT-LIC-CLHQ-0067,Available
CLHQ-D-0068,CL-HQ,Certification Driver CLHQ 0068,+1-555-010-0068,cert.driver.clhq.0068@example.invalid,CERT-LIC-CLHQ-0068,Available
CLHQ-D-0069,CL-HQ,Certification Driver CLHQ 0069,+1-555-010-0069,cert.driver.clhq.0069@example.invalid,CERT-LIC-CLHQ-0069,Available
CLHQ-D-0070,CL-HQ,Certification Driver CLHQ 0070,+1-555-010-0070,cert.driver.clhq.0070@example.invalid,CERT-LIC-CLHQ-0070,Available
CLHQ-D-0071,CL-HQ,Certification Driver CLHQ 0071,+1-555-010-0071,cert.driver.clhq.0071@example.invalid,CERT-LIC-CLHQ-0071,Available
CLHQ-D-0072,CL-HQ,Certification Driver CLHQ 0072,+1-555-010-0072,cert.driver.clhq.0072@example.invalid,CERT-LIC-CLHQ-0072,Available
CLHQ-D-0073,CL-HQ,Certification Driver CLHQ 0073,+1-555-010-0073,cert.driver.clhq.0073@example.invalid,CERT-LIC-CLHQ-0073,Available
CLHQ-D-0074,CL-HQ,Certification Driver CLHQ 0074,+1-555-010-0074,cert.driver.clhq.0074@example.invalid,CERT-LIC-CLHQ-0074,Available
CLHQ-D-0075,CL-HQ,Certification Driver CLHQ 0075,+1-555-010-0075,cert.driver.clhq.0075@example.invalid,CERT-LIC-CLHQ-0075,Available
CLHQ-D-0076,CL-HQ,Certification Driver CLHQ 0076,+1-555-010-0076,cert.driver.clhq.0076@example.invalid,CERT-LIC-CLHQ-0076,Available
CLHQ-D-0077,CL-HQ,Certification Driver CLHQ 0077,+1-555-010-0077,cert.driver.clhq.0077@example.invalid,CERT-LIC-CLHQ-0077,Available
CLHQ-D-0078,CL-HQ,Certification Driver CLHQ 0078,+1-555-010-0078,cert.driver.clhq.0078@example.invalid,CERT-LIC-CLHQ-0078,Available
CLHQ-D-0079,CL-HQ,Certification Driver CLHQ 0079,+1-555-010-0079,cert.driver.clhq.0079@example.invalid,CERT-LIC-CLHQ-0079,Available
CLHQ-D-0080,CL-HQ,Certification Driver CLHQ 0080,+1-555-010-0080,cert.driver.clhq.0080@example.invalid,CERT-LIC-CLHQ-0080,Available
CLHQ-D-0081,CL-HQ,Certification Driver CLHQ 0081,+1-555-010-0081,cert.driver.clhq.0081@example.invalid,CERT-LIC-CLHQ-0081,Available
CLHQ-D-0082,CL-HQ,Certification Driver CLHQ 0082,+1-555-010-0082,cert.driver.clhq.0082@example.invalid,CERT-LIC-CLHQ-0082,Available
CLHQ-D-0083,CL-HQ,Certification Driver CLHQ 0083,+1-555-010-0083,cert.driver.clhq.0083@example.invalid,CERT-LIC-CLHQ-0083,Available
CLHQ-D-0084,CL-HQ,Certification Driver CLHQ 0084,+1-555-010-0084,cert.driver.clhq.0084@example.invalid,CERT-LIC-CLHQ-0084,Available
CLHQ-D-0085,CL-HQ,Certification Driver CLHQ 0085,+1-555-010-0085,cert.driver.clhq.0085@example.invalid,CERT-LIC-CLHQ-0085,Available
CLHQ-D-0086,CL-HQ,Certification Driver CLHQ 0086,+1-555-010-0086,cert.driver.clhq.0086@example.invalid,CERT-LIC-CLHQ-0086,Available
CLHQ-D-0087,CL-HQ,Certification Driver CLHQ 0087,+1-555-010-0087,cert.driver.clhq.0087@example.invalid,CERT-LIC-CLHQ-0087,Available
CLHQ-D-0088,CL-HQ,Certification Driver CLHQ 0088,+1-555-010-0088,cert.driver.clhq.0088@example.invalid,CERT-LIC-CLHQ-0088,Available
CLHQ-D-0089,CL-HQ,Certification Driver CLHQ 0089,+1-555-010-0089,cert.driver.clhq.0089@example.invalid,CERT-LIC-CLHQ-0089,Available
CLHQ-D-0090,CL-HQ,Certification Driver CLHQ 0090,+1-555-010-0090,cert.driver.clhq.0090@example.invalid,CERT-LIC-CLHQ-0090,Available
CLHQ-D-0091,CL-HQ,Certification Driver CLHQ 0091,+1-555-010-0091,cert.driver.clhq.0091@example.invalid,CERT-LIC-CLHQ-0091,Available
CLHQ-D-0092,CL-HQ,Certification Driver CLHQ 0092,+1-555-010-0092,cert.driver.clhq.0092@example.invalid,CERT-LIC-CLHQ-0092,Available
CLHQ-D-0093,CL-HQ,Certification Driver CLHQ 0093,+1-555-010-0093,cert.driver.clhq.0093@example.invalid,CERT-LIC-CLHQ-0093,Available
CLHQ-D-0094,CL-HQ,Certification Driver CLHQ 0094,+1-555-010-0094,cert.driver.clhq.0094@example.invalid,CERT-LIC-CLHQ-0094,Available
CLHQ-D-0095,CL-HQ,Certification Driver CLHQ 0095,+1-555-010-0095,cert.driver.clhq.0095@example.invalid,CERT-LIC-CLHQ-0095,Available
CLHQ-D-0096,CL-HQ,Certification Driver CLHQ 0096,+1-555-010-0096,cert.driver.clhq.0096@example.invalid,CERT-LIC-CLHQ-0096,Available
CLHQ-D-0097,CL-HQ,Certification Driver CLHQ 0097,+1-555-010-0097,cert.driver.clhq.0097@example.invalid,CERT-LIC-CLHQ-0097,Available
CLHQ-D-0098,CL-HQ,Certification Driver CLHQ 0098,+1-555-010-0098,cert.driver.clhq.0098@example.invalid,CERT-LIC-CLHQ-0098,Available
CLHQ-D-0099,CL-HQ,Certification Driver CLHQ 0099,+1-555-010-0099,cert.driver.clhq.0099@example.invalid,CERT-LIC-CLHQ-0099,Available
CLHQ-D-0100,CL-HQ,Certification Driver CLHQ 0100,+1-555-010-0100,cert.driver.clhq.0100@example.invalid,CERT-LIC-CLHQ-0100,Available
CLHQ-D-0101,CL-HQ,Certification Driver CLHQ 0101,+1-555-010-0101,cert.driver.clhq.0101@example.invalid,CERT-LIC-CLHQ-0101,Available
CLHQ-D-0102,CL-HQ,Certification Driver CLHQ 0102,+1-555-010-0102,cert.driver.clhq.0102@example.invalid,CERT-LIC-CLHQ-0102,Available
CLHQ-D-0103,CL-HQ,Certification Driver CLHQ 0103,+1-555-010-0103,cert.driver.clhq.0103@example.invalid,CERT-LIC-CLHQ-0103,Available
CLHQ-D-0104,CL-HQ,Certification Driver CLHQ 0104,+1-555-010-0104,cert.driver.clhq.0104@example.invalid,CERT-LIC-CLHQ-0104,Available
CLHQ-D-0105,CL-HQ,Certification Driver CLHQ 0105,+1-555-010-0105,cert.driver.clhq.0105@example.invalid,CERT-LIC-CLHQ-0105,Available
CLHQ-D-0106,CL-HQ,Certification Driver CLHQ 0106,+1-555-010-0106,cert.driver.clhq.0106@example.invalid,CERT-LIC-CLHQ-0106,Available
CLHQ-D-0107,CL-HQ,Certification Driver CLHQ 0107,+1-555-010-0107,cert.driver.clhq.0107@example.invalid,CERT-LIC-CLHQ-0107,Available
CLHQ-D-0108,CL-HQ,Certification Driver CLHQ 0108,+1-555-010-0108,cert.driver.clhq.0108@example.invalid,CERT-LIC-CLHQ-0108,Available
CLHQ-D-0109,CL-HQ,Certification Driver CLHQ 0109,+1-555-010-0109,cert.driver.clhq.0109@example.invalid,CERT-LIC-CLHQ-0109,Available
CLHQ-D-0110,CL-HQ,Certification Driver CLHQ 0110,+1-555-010-0110,cert.driver.clhq.0110@example.invalid,CERT-LIC-CLHQ-0110,Available
CLHQ-D-0111,CL-HQ,Certification Driver CLHQ 0111,+1-555-010-0111,cert.driver.clhq.0111@example.invalid,CERT-LIC-CLHQ-0111,Available
CLHQ-D-0112,CL-HQ,Certification Driver CLHQ 0112,+1-555-010-0112,cert.driver.clhq.0112@example.invalid,CERT-LIC-CLHQ-0112,Available
CLHQ-D-0113,CL-HQ,Certification Driver CLHQ 0113,+1-555-010-0113,cert.driver.clhq.0113@example.invalid,CERT-LIC-CLHQ-0113,Available
CLHQ-D-0114,CL-HQ,Certification Driver CLHQ 0114,+1-555-010-0114,cert.driver.clhq.0114@example.invalid,CERT-LIC-CLHQ-0114,Available
CLHQ-D-0115,CL-HQ,Certification Driver CLHQ 0115,+1-555-010-0115,cert.driver.clhq.0115@example.invalid,CERT-LIC-CLHQ-0115,Available
CLHQ-D-0116,CL-HQ,Certification Driver CLHQ 0116,+1-555-010-0116,cert.driver.clhq.0116@example.invalid,CERT-LIC-CLHQ-0116,Available
CLHQ-D-0117,CL-HQ,Certification Driver CLHQ 0117,+1-555-010-0117,cert.driver.clhq.0117@example.invalid,CERT-LIC-CLHQ-0117,Available
CLHQ-D-0118,CL-HQ,Certification Driver CLHQ 0118,+1-555-010-0118,cert.driver.clhq.0118@example.invalid,CERT-LIC-CLHQ-0118,Available
CLHQ-D-0119,CL-HQ,Certification Driver CLHQ 0119,+1-555-010-0119,cert.driver.clhq.0119@example.invalid,CERT-LIC-CLHQ-0119,Available
CLHQ-D-0120,CL-HQ,Certification Driver CLHQ 0120,+1-555-010-0120,cert.driver.clhq.0120@example.invalid,CERT-LIC-CLHQ-0120,Available
CLHQ-D-0121,CL-HQ,Certification Driver CLHQ 0121,+1-555-010-0121,cert.driver.clhq.0121@example.invalid,CERT-LIC-CLHQ-0121,Available
CLHQ-D-0122,CL-HQ,Certification Driver CLHQ 0122,+1-555-010-0122,cert.driver.clhq.0122@example.invalid,CERT-LIC-CLHQ-0122,Available
CLHQ-D-0123,CL-HQ,Certification Driver CLHQ 0123,+1-555-010-0123,cert.driver.clhq.0123@example.invalid,CERT-LIC-CLHQ-0123,Available
CLHQ-D-0124,CL-HQ,Certification Driver CLHQ 0124,+1-555-010-0124,cert.driver.clhq.0124@example.invalid,CERT-LIC-CLHQ-0124,Available
CLHQ-D-0125,CL-HQ,Certification Driver CLHQ 0125,+1-555-010-0125,cert.driver.clhq.0125@example.invalid,CERT-LIC-CLHQ-0125,Available
CLHQ-D-0126,CL-HQ,Certification Driver CLHQ 0126,+1-555-010-0126,cert.driver.clhq.0126@example.invalid,CERT-LIC-CLHQ-0126,Available
CLHQ-D-0127,CL-HQ,Certification Driver CLHQ 0127,+1-555-010-0127,cert.driver.clhq.0127@example.invalid,CERT-LIC-CLHQ-0127,Available
CLHQ-D-0128,CL-HQ,Certification Driver CLHQ 0128,+1-555-010-0128,cert.driver.clhq.0128@example.invalid,CERT-LIC-CLHQ-0128,Available
CLHQ-D-0129,CL-HQ,Certification Driver CLHQ 0129,+1-555-010-0129,cert.driver.clhq.0129@example.invalid,CERT-LIC-CLHQ-0129,Available
CLHQ-D-0130,CL-HQ,Certification Driver CLHQ 0130,+1-555-010-0130,cert.driver.clhq.0130@example.invalid,CERT-LIC-CLHQ-0130,Available
CLHQ-D-0131,CL-HQ,Certification Driver CLHQ 0131,+1-555-010-0131,cert.driver.clhq.0131@example.invalid,CERT-LIC-CLHQ-0131,Available
CLHQ-D-0132,CL-HQ,Certification Driver CLHQ 0132,+1-555-010-0132,cert.driver.clhq.0132@example.invalid,CERT-LIC-CLHQ-0132,Available
CLHQ-D-0133,CL-HQ,Certification Driver CLHQ 0133,+1-555-010-0133,cert.driver.clhq.0133@example.invalid,CERT-LIC-CLHQ-0133,Available
CLHQ-D-0134,CL-HQ,Certification Driver CLHQ 0134,+1-555-010-0134,cert.driver.clhq.0134@example.invalid,CERT-LIC-CLHQ-0134,Available
CLHQ-D-0135,CL-HQ,Certification Driver CLHQ 0135,+1-555-010-0135,cert.driver.clhq.0135@example.invalid,CERT-LIC-CLHQ-0135,Available
CLHQ-D-0136,CL-HQ,Certification Driver CLHQ 0136,+1-555-010-0136,cert.driver.clhq.0136@example.invalid,CERT-LIC-CLHQ-0136,Available
CLHQ-D-0137,CL-HQ,Certification Driver CLHQ 0137,+1-555-010-0137,cert.driver.clhq.0137@example.invalid,CERT-LIC-CLHQ-0137,Available
CLHQ-D-0138,CL-HQ,Certification Driver CLHQ 0138,+1-555-010-0138,cert.driver.clhq.0138@example.invalid,CERT-LIC-CLHQ-0138,Available
CLHQ-D-0139,CL-HQ,Certification Driver CLHQ 0139,+1-555-010-0139,cert.driver.clhq.0139@example.invalid,CERT-LIC-CLHQ-0139,Available
CLHQ-D-0140,CL-HQ,Certification Driver CLHQ 0140,+1-555-010-0140,cert.driver.clhq.0140@example.invalid,CERT-LIC-CLHQ-0140,Available
CLHQ-D-0141,CL-HQ,Certification Driver CLHQ 0141,+1-555-010-0141,cert.driver.clhq.0141@example.invalid,CERT-LIC-CLHQ-0141,Available
CLHQ-D-0142,CL-HQ,Certification Driver CLHQ 0142,+1-555-010-0142,cert.driver.clhq.0142@example.invalid,CERT-LIC-CLHQ-0142,Available
CLHQ-D-0143,CL-HQ,Certification Driver CLHQ 0143,+1-555-010-0143,cert.driver.clhq.0143@example.invalid,CERT-LIC-CLHQ-0143,Available
CLHQ-D-0144,CL-HQ,Certification Driver CLHQ 0144,+1-555-010-0144,cert.driver.clhq.0144@example.invalid,CERT-LIC-CLHQ-0144,Available
CLHQ-D-0145,CL-HQ,Certification Driver CLHQ 0145,+1-555-010-0145,cert.driver.clhq.0145@example.invalid,CERT-LIC-CLHQ-0145,Available
CLHQ-D-0146,CL-HQ,Certification Driver CLHQ 0146,+1-555-010-0146,cert.driver.clhq.0146@example.invalid,CERT-LIC-CLHQ-0146,Available
CLHQ-D-0147,CL-HQ,Certification Driver CLHQ 0147,+1-555-010-0147,cert.driver.clhq.0147@example.invalid,CERT-LIC-CLHQ-0147,Available
CLHQ-D-0148,CL-HQ,Certification Driver CLHQ 0148,+1-555-010-0148,cert.driver.clhq.0148@example.invalid,CERT-LIC-CLHQ-0148,Available
CLHQ-D-0149,CL-HQ,Certification Driver CLHQ 0149,+1-555-010-0149,cert.driver.clhq.0149@example.invalid,CERT-LIC-CLHQ-0149,Available
CLHQ-D-0150,CL-HQ,Certification Driver CLHQ 0150,+1-555-010-0150,cert.driver.clhq.0150@example.invalid,CERT-LIC-CLHQ-0150,Available
CLHQ-D-0151,CL-HQ,Certification Driver CLHQ 0151,+1-555-010-0151,cert.driver.clhq.0151@example.invalid,CERT-LIC-CLHQ-0151,Available
CLHQ-D-0152,CL-HQ,Certification Driver CLHQ 0152,+1-555-010-0152,cert.driver.clhq.0152@example.invalid,CERT-LIC-CLHQ-0152,Available
CLHQ-D-0153,CL-HQ,Certification Driver CLHQ 0153,+1-555-010-0153,cert.driver.clhq.0153@example.invalid,CERT-LIC-CLHQ-0153,Available
CLHQ-D-0154,CL-HQ,Certification Driver CLHQ 0154,+1-555-010-0154,cert.driver.clhq.0154@example.invalid,CERT-LIC-CLHQ-0154,Available
CLHQ-D-0155,CL-HQ,Certification Driver CLHQ 0155,+1-555-010-0155,cert.driver.clhq.0155@example.invalid,CERT-LIC-CLHQ-0155,Available
CLHQ-D-0156,CL-HQ,Certification Driver CLHQ 0156,+1-555-010-0156,cert.driver.clhq.0156@example.invalid,CERT-LIC-CLHQ-0156,Available
CLHQ-D-0157,CL-HQ,Certification Driver CLHQ 0157,+1-555-010-0157,cert.driver.clhq.0157@example.invalid,CERT-LIC-CLHQ-0157,Available
CLHQ-D-0158,CL-HQ,Certification Driver CLHQ 0158,+1-555-010-0158,cert.driver.clhq.0158@example.invalid,CERT-LIC-CLHQ-0158,Available
CLHQ-D-0159,CL-HQ,Certification Driver CLHQ 0159,+1-555-010-0159,cert.driver.clhq.0159@example.invalid,CERT-LIC-CLHQ-0159,Available
CLHQ-D-0160,CL-HQ,Certification Driver CLHQ 0160,+1-555-010-0160,cert.driver.clhq.0160@example.invalid,CERT-LIC-CLHQ-0160,Available
CLHQ-D-0161,CL-HQ,Certification Driver CLHQ 0161,+1-555-010-0161,cert.driver.clhq.0161@example.invalid,CERT-LIC-CLHQ-0161,Available
CLHQ-D-0162,CL-HQ,Certification Driver CLHQ 0162,+1-555-010-0162,cert.driver.clhq.0162@example.invalid,CERT-LIC-CLHQ-0162,Available
CLHQ-D-0163,CL-HQ,Certification Driver CLHQ 0163,+1-555-010-0163,cert.driver.clhq.0163@example.invalid,CERT-LIC-CLHQ-0163,Available
CLHQ-D-0164,CL-HQ,Certification Driver CLHQ 0164,+1-555-010-0164,cert.driver.clhq.0164@example.invalid,CERT-LIC-CLHQ-0164,Available
CLHQ-D-0165,CL-HQ,Certification Driver CLHQ 0165,+1-555-010-0165,cert.driver.clhq.0165@example.invalid,CERT-LIC-CLHQ-0165,Available
CLHQ-D-0166,CL-HQ,Certification Driver CLHQ 0166,+1-555-010-0166,cert.driver.clhq.0166@example.invalid,CERT-LIC-CLHQ-0166,Available
CLHQ-D-0167,CL-HQ,Certification Driver CLHQ 0167,+1-555-010-0167,cert.driver.clhq.0167@example.invalid,CERT-LIC-CLHQ-0167,Available
CLHQ-D-0168,CL-HQ,Certification Driver CLHQ 0168,+1-555-010-0168,cert.driver.clhq.0168@example.invalid,CERT-LIC-CLHQ-0168,Available
CLHQ-D-0169,CL-HQ,Certification Driver CLHQ 0169,+1-555-010-0169,cert.driver.clhq.0169@example.invalid,CERT-LIC-CLHQ-0169,Available
CLHQ-D-0170,CL-HQ,Certification Driver CLHQ 0170,+1-555-010-0170,cert.driver.clhq.0170@example.invalid,CERT-LIC-CLHQ-0170,Available
CLHQ-D-0171,CL-HQ,Certification Driver CLHQ 0171,+1-555-010-0171,cert.driver.clhq.0171@example.invalid,CERT-LIC-CLHQ-0171,Available
CLHQ-D-0172,CL-HQ,Certification Driver CLHQ 0172,+1-555-010-0172,cert.driver.clhq.0172@example.invalid,CERT-LIC-CLHQ-0172,Available
CLHQ-D-0173,CL-HQ,Certification Driver CLHQ 0173,+1-555-010-0173,cert.driver.clhq.0173@example.invalid,CERT-LIC-CLHQ-0173,Available
CLHQ-D-0174,CL-HQ,Certification Driver CLHQ 0174,+1-555-010-0174,cert.driver.clhq.0174@example.invalid,CERT-LIC-CLHQ-0174,Available
CLHQ-D-0175,CL-HQ,Certification Driver CLHQ 0175,+1-555-010-0175,cert.driver.clhq.0175@example.invalid,CERT-LIC-CLHQ-0175,Available
CLHQ-D-0176,CL-HQ,Certification Driver CLHQ 0176,+1-555-010-0176,cert.driver.clhq.0176@example.invalid,CERT-LIC-CLHQ-0176,Available
CLHQ-D-0177,CL-HQ,Certification Driver CLHQ 0177,+1-555-010-0177,cert.driver.clhq.0177@example.invalid,CERT-LIC-CLHQ-0177,Available
CLHQ-D-0178,CL-HQ,Certification Driver CLHQ 0178,+1-555-010-0178,cert.driver.clhq.0178@example.invalid,CERT-LIC-CLHQ-0178,Available
CLHQ-D-0179,CL-HQ,Certification Driver CLHQ 0179,+1-555-010-0179,cert.driver.clhq.0179@example.invalid,CERT-LIC-CLHQ-0179,Available
CLHQ-D-0180,CL-HQ,Certification Driver CLHQ 0180,+1-555-010-0180,cert.driver.clhq.0180@example.invalid,CERT-LIC-CLHQ-0180,Available
CLHQ-D-0181,CL-HQ,Certification Driver CLHQ 0181,+1-555-010-0181,cert.driver.clhq.0181@example.invalid,CERT-LIC-CLHQ-0181,Available
CLHQ-D-0182,CL-HQ,Certification Driver CLHQ 0182,+1-555-010-0182,cert.driver.clhq.0182@example.invalid,CERT-LIC-CLHQ-0182,Available
CLHQ-D-0183,CL-HQ,Certification Driver CLHQ 0183,+1-555-010-0183,cert.driver.clhq.0183@example.invalid,CERT-LIC-CLHQ-0183,Available
CLHQ-D-0184,CL-HQ,Certification Driver CLHQ 0184,+1-555-010-0184,cert.driver.clhq.0184@example.invalid,CERT-LIC-CLHQ-0184,Available
CLHQ-D-0185,CL-HQ,Certification Driver CLHQ 0185,+1-555-010-0185,cert.driver.clhq.0185@example.invalid,CERT-LIC-CLHQ-0185,Available
CLHQ-D-0186,CL-HQ,Certification Driver CLHQ 0186,+1-555-010-0186,cert.driver.clhq.0186@example.invalid,CERT-LIC-CLHQ-0186,Available
CLHQ-D-0187,CL-HQ,Certification Driver CLHQ 0187,+1-555-010-0187,cert.driver.clhq.0187@example.invalid,CERT-LIC-CLHQ-0187,Available
CLHQ-D-0188,CL-HQ,Certification Driver CLHQ 0188,+1-555-010-0188,cert.driver.clhq.0188@example.invalid,CERT-LIC-CLHQ-0188,Available
CLHQ-D-0189,CL-HQ,Certification Driver CLHQ 0189,+1-555-010-0189,cert.driver.clhq.0189@example.invalid,CERT-LIC-CLHQ-0189,Available
CLHQ-D-0190,CL-HQ,Certification Driver CLHQ 0190,+1-555-010-0190,cert.driver.clhq.0190@example.invalid,CERT-LIC-CLHQ-0190,Available
CLHQ-D-0191,CL-HQ,Certification Driver CLHQ 0191,+1-555-010-0191,cert.driver.clhq.0191@example.invalid,CERT-LIC-CLHQ-0191,Available
CLHQ-D-0192,CL-HQ,Certification Driver CLHQ 0192,+1-555-010-0192,cert.driver.clhq.0192@example.invalid,CERT-LIC-CLHQ-0192,Available
CLHQ-D-0193,CL-HQ,Certification Driver CLHQ 0193,+1-555-010-0193,cert.driver.clhq.0193@example.invalid,CERT-LIC-CLHQ-0193,Available
CLHQ-D-0194,CL-HQ,Certification Driver CLHQ 0194,+1-555-010-0194,cert.driver.clhq.0194@example.invalid,CERT-LIC-CLHQ-0194,Available
CLHQ-D-0195,CL-HQ,Certification Driver CLHQ 0195,+1-555-010-0195,cert.driver.clhq.0195@example.invalid,CERT-LIC-CLHQ-0195,Available
CLHQ-D-0196,CL-HQ,Certification Driver CLHQ 0196,+1-555-010-0196,cert.driver.clhq.0196@example.invalid,CERT-LIC-CLHQ-0196,Available
CLHQ-D-0197,CL-HQ,Certification Driver CLHQ 0197,+1-555-010-0197,cert.driver.clhq.0197@example.invalid,CERT-LIC-CLHQ-0197,Available
CLHQ-D-0198,CL-HQ,Certification Driver CLHQ 0198,+1-555-010-0198,cert.driver.clhq.0198@example.invalid,CERT-LIC-CLHQ-0198,Available
CLHQ-D-0199,CL-HQ,Certification Driver CLHQ 0199,+1-555-010-0199,cert.driver.clhq.0199@example.invalid,CERT-LIC-CLHQ-0199,Available
CLHQ-D-0200,CL-HQ,Certification Driver CLHQ 0200,+1-555-010-0200,cert.driver.clhq.0200@example.invalid,CERT-LIC-CLHQ-0200,Available
CLHQ-D-0201,CL-HQ,Certification Driver CLHQ 0201,+1-555-010-0201,cert.driver.clhq.0201@example.invalid,CERT-LIC-CLHQ-0201,Available
CLHQ-D-0202,CL-HQ,Certification Driver CLHQ 0202,+1-555-010-0202,cert.driver.clhq.0202@example.invalid,CERT-LIC-CLHQ-0202,Available
CLHQ-D-0203,CL-HQ,Certification Driver CLHQ 0203,+1-555-010-0203,cert.driver.clhq.0203@example.invalid,CERT-LIC-CLHQ-0203,Available
CLHQ-D-0204,CL-HQ,Certification Driver CLHQ 0204,+1-555-010-0204,cert.driver.clhq.0204@example.invalid,CERT-LIC-CLHQ-0204,Available
CLHQ-D-0205,CL-HQ,Certification Driver CLHQ 0205,+1-555-010-0205,cert.driver.clhq.0205@example.invalid,CERT-LIC-CLHQ-0205,Available
CLHQ-D-0206,CL-HQ,Certification Driver CLHQ 0206,+1-555-010-0206,cert.driver.clhq.0206@example.invalid,CERT-LIC-CLHQ-0206,Available
CLHQ-D-0207,CL-HQ,Certification Driver CLHQ 0207,+1-555-010-0207,cert.driver.clhq.0207@example.invalid,CERT-LIC-CLHQ-0207,Available
CLHQ-D-0208,CL-HQ,Certification Driver CLHQ 0208,+1-555-010-0208,cert.driver.clhq.0208@example.invalid,CERT-LIC-CLHQ-0208,Available
CLHQ-D-0209,CL-HQ,Certification Driver CLHQ 0209,+1-555-010-0209,cert.driver.clhq.0209@example.invalid,CERT-LIC-CLHQ-0209,Available
CLHQ-D-0210,CL-HQ,Certification Driver CLHQ 0210,+1-555-010-0210,cert.driver.clhq.0210@example.invalid,CERT-LIC-CLHQ-0210,Available
CLHQ-D-0211,CL-HQ,Certification Driver CLHQ 0211,+1-555-010-0211,cert.driver.clhq.0211@example.invalid,CERT-LIC-CLHQ-0211,Available
CLHQ-D-0212,CL-HQ,Certification Driver CLHQ 0212,+1-555-010-0212,cert.driver.clhq.0212@example.invalid,CERT-LIC-CLHQ-0212,Available
CLHQ-D-0213,CL-HQ,Certification Driver CLHQ 0213,+1-555-010-0213,cert.driver.clhq.0213@example.invalid,CERT-LIC-CLHQ-0213,Available
CLHQ-D-0214,CL-HQ,Certification Driver CLHQ 0214,+1-555-010-0214,cert.driver.clhq.0214@example.invalid,CERT-LIC-CLHQ-0214,Available
CLHQ-D-0215,CL-HQ,Certification Driver CLHQ 0215,+1-555-010-0215,cert.driver.clhq.0215@example.invalid,CERT-LIC-CLHQ-0215,Available
CLHQ-D-0216,CL-HQ,Certification Driver CLHQ 0216,+1-555-010-0216,cert.driver.clhq.0216@example.invalid,CERT-LIC-CLHQ-0216,Available
CLHQ-D-0217,CL-HQ,Certification Driver CLHQ 0217,+1-555-010-0217,cert.driver.clhq.0217@example.invalid,CERT-LIC-CLHQ-0217,Available
CLHQ-D-0218,CL-HQ,Certification Driver CLHQ 0218,+1-555-010-0218,cert.driver.clhq.0218@example.invalid,CERT-LIC-CLHQ-0218,Available
CLHQ-D-0219,CL-HQ,Certification Driver CLHQ 0219,+1-555-010-0219,cert.driver.clhq.0219@example.invalid,CERT-LIC-CLHQ-0219,Available
CLHQ-D-0220,CL-HQ,Certification Driver CLHQ 0220,+1-555-010-0220,cert.driver.clhq.0220@example.invalid,CERT-LIC-CLHQ-0220,Available
CLHQ-D-0221,CL-HQ,Certification Driver CLHQ 0221,+1-555-010-0221,cert.driver.clhq.0221@example.invalid,CERT-LIC-CLHQ-0221,Available
CLHQ-D-0222,CL-HQ,Certification Driver CLHQ 0222,+1-555-010-0222,cert.driver.clhq.0222@example.invalid,CERT-LIC-CLHQ-0222,Available
CLHQ-D-0223,CL-HQ,Certification Driver CLHQ 0223,+1-555-010-0223,cert.driver.clhq.0223@example.invalid,CERT-LIC-CLHQ-0223,Available
CLHQ-D-0224,CL-HQ,Certification Driver CLHQ 0224,+1-555-010-0224,cert.driver.clhq.0224@example.invalid,CERT-LIC-CLHQ-0224,Available
CLHQ-D-0225,CL-HQ,Certification Driver CLHQ 0225,+1-555-010-0225,cert.driver.clhq.0225@example.invalid,CERT-LIC-CLHQ-0225,Available
CLHQ-D-0226,CL-HQ,Certification Driver CLHQ 0226,+1-555-010-0226,cert.driver.clhq.0226@example.invalid,CERT-LIC-CLHQ-0226,Available
CLHQ-D-0227,CL-HQ,Certification Driver CLHQ 0227,+1-555-010-0227,cert.driver.clhq.0227@example.invalid,CERT-LIC-CLHQ-0227,Available
CLHQ-D-0228,CL-HQ,Certification Driver CLHQ 0228,+1-555-010-0228,cert.driver.clhq.0228@example.invalid,CERT-LIC-CLHQ-0228,Available
CLHQ-D-0229,CL-HQ,Certification Driver CLHQ 0229,+1-555-010-0229,cert.driver.clhq.0229@example.invalid,CERT-LIC-CLHQ-0229,Available
CLHQ-D-0230,CL-HQ,Certification Driver CLHQ 0230,+1-555-010-0230,cert.driver.clhq.0230@example.invalid,CERT-LIC-CLHQ-0230,Available
CLHQ-D-0231,CL-HQ,Certification Driver CLHQ 0231,+1-555-010-0231,cert.driver.clhq.0231@example.invalid,CERT-LIC-CLHQ-0231,Available
CLHQ-D-0232,CL-HQ,Certification Driver CLHQ 0232,+1-555-010-0232,cert.driver.clhq.0232@example.invalid,CERT-LIC-CLHQ-0232,Available
CLHQ-D-0233,CL-HQ,Certification Driver CLHQ 0233,+1-555-010-0233,cert.driver.clhq.0233@example.invalid,CERT-LIC-CLHQ-0233,Available
CLHQ-D-0234,CL-HQ,Certification Driver CLHQ 0234,+1-555-010-0234,cert.driver.clhq.0234@example.invalid,CERT-LIC-CLHQ-0234,Available
CLHQ-D-0235,CL-HQ,Certification Driver CLHQ 0235,+1-555-010-0235,cert.driver.clhq.0235@example.invalid,CERT-LIC-CLHQ-0235,Available
CLHQ-D-0236,CL-HQ,Certification Driver CLHQ 0236,+1-555-010-0236,cert.driver.clhq.0236@example.invalid,CERT-LIC-CLHQ-0236,Available
CLHQ-D-0237,CL-HQ,Certification Driver CLHQ 0237,+1-555-010-0237,cert.driver.clhq.0237@example.invalid,CERT-LIC-CLHQ-0237,Available
CLHQ-D-0238,CL-HQ,Certification Driver CLHQ 0238,+1-555-010-0238,cert.driver.clhq.0238@example.invalid,CERT-LIC-CLHQ-0238,Available
CLHQ-D-0239,CL-HQ,Certification Driver CLHQ 0239,+1-555-010-0239,cert.driver.clhq.0239@example.invalid,CERT-LIC-CLHQ-0239,Available
CLHQ-D-0240,CL-HQ,Certification Driver CLHQ 0240,+1-555-010-0240,cert.driver.clhq.0240@example.invalid,CERT-LIC-CLHQ-0240,Available
CLHQ-D-0241,CL-HQ,Certification Driver CLHQ 0241,+1-555-010-0241,cert.driver.clhq.0241@example.invalid,CERT-LIC-CLHQ-0241,Available
CLHQ-D-0242,CL-HQ,Certification Driver CLHQ 0242,+1-555-010-0242,cert.driver.clhq.0242@example.invalid,CERT-LIC-CLHQ-0242,Available
CLHQ-D-0243,CL-HQ,Certification Driver CLHQ 0243,+1-555-010-0243,cert.driver.clhq.0243@example.invalid,CERT-LIC-CLHQ-0243,Available
CLHQ-D-0244,CL-HQ,Certification Driver CLHQ 0244,+1-555-010-0244,cert.driver.clhq.0244@example.invalid,CERT-LIC-CLHQ-0244,Available
CLHQ-D-0245,CL-HQ,Certification Driver CLHQ 0245,+1-555-010-0245,cert.driver.clhq.0245@example.invalid,CERT-LIC-CLHQ-0245,Available
CLHQ-D-0246,CL-HQ,Certification Driver CLHQ 0246,+1-555-010-0246,cert.driver.clhq.0246@example.invalid,CERT-LIC-CLHQ-0246,Available
CLHQ-D-0247,CL-HQ,Certification Driver CLHQ 0247,+1-555-010-0247,cert.driver.clhq.0247@example.invalid,CERT-LIC-CLHQ-0247,Available
CLHQ-D-0248,CL-HQ,Certification Driver CLHQ 0248,+1-555-010-0248,cert.driver.clhq.0248@example.invalid,CERT-LIC-CLHQ-0248,Available
CLHQ-D-0249,CL-HQ,Certification Driver CLHQ 0249,+1-555-010-0249,cert.driver.clhq.0249@example.invalid,CERT-LIC-CLHQ-0249,Available
CLHQ-D-0250,CL-HQ,Certification Driver CLHQ 0250,+1-555-010-0250,cert.driver.clhq.0250@example.invalid,CERT-LIC-CLHQ-0250,Available